,measurement rate,finded,initial state,simulation time,total jumps,total measurements,transition rate
0,0.5,1.0,0.0,487.33382016961406,33.0,221.0,0.1
1,0.5,1.0,0.0,249.73651675502308,21.0,108.0,0.1
2,0.5,1.0,0.0,131.6825349233587,9.0,46.0,0.1
3,0.5,1.0,0.0,126.64817207711408,10.0,73.0,0.1
4,0.5,1.0,0.0,81.46903473049487,4.0,44.0,0.1
5,0.5,1.0,0.0,159.99420853287418,10.0,78.0,0.1
6,0.5,1.0,0.0,164.78839976593324,17.0,91.0,0.1
7,0.5,1.0,0.0,326.92309594579416,25.0,156.0,0.1
8,0.5,1.0,0.0,60.29414454286916,6.0,20.0,0.1
9,0.5,1.0,0.0,68.66909787665534,10.0,24.0,0.1
10,0.5,1.0,0.0,92.80510087863604,4.0,54.0,0.1
11,0.5,1.0,0.0,174.7714867566134,15.0,86.0,0.1
12,0.5,1.0,0.0,32.58230173188525,6.0,13.0,0.1
13,0.5,1.0,0.0,140.7224687504081,10.0,80.0,0.1
14,0.5,1.0,0.0,322.1216987460043,26.0,154.0,0.1
15,0.5,1.0,0.0,116.40420139506212,6.0,43.0,0.1
16,0.5,1.0,0.0,46.106325560637096,4.0,23.0,0.1
17,0.5,1.0,0.0,80.83729974924222,7.0,36.0,0.1
18,0.5,1.0,0.0,372.76524877760176,26.0,216.0,0.1
19,0.5,1.0,0.0,240.3641004164304,21.0,119.0,0.1
20,0.5,1.0,0.0,189.736087757442,10.0,100.0,0.1
21,0.5,1.0,0.0,160.91933509294492,12.0,80.0,0.1
22,0.5,1.0,0.0,206.34607178562527,19.0,115.0,0.1
23,0.5,1.0,0.0,32.42823474660078,4.0,15.0,0.1
24,0.5,1.0,0.0,595.3849060173667,47.0,298.0,0.1
25,0.5,1.0,0.0,200.1756951886404,17.0,105.0,0.1
26,0.5,1.0,0.0,434.7170724493665,30.0,230.0,0.1
27,0.5,1.0,0.0,159.94220784980538,14.0,81.0,0.1
28,0.5,1.0,0.0,51.222574626395904,2.0,27.0,0.1
29,0.5,1.0,0.0,202.75117458022976,18.0,101.0,0.1
30,0.5,1.0,0.0,63.39045970214053,3.0,31.0,0.1
31,0.5,1.0,0.0,69.88905317615337,6.0,33.0,0.1
32,0.5,1.0,0.0,229.31885813823,14.0,111.0,0.1
33,0.5,1.0,0.0,675.7311228337802,44.0,326.0,0.1
34,0.5,1.0,0.0,176.26829216384712,9.0,109.0,0.1
35,0.5,1.0,0.0,168.46565716859968,10.0,95.0,0.1
36,0.5,1.0,0.0,264.1687609818737,26.0,131.0,0.1
37,0.5,1.0,0.0,264.69068771482614,15.0,135.0,0.1
38,0.5,1.0,0.0,247.6632430136301,17.0,115.0,0.1
39,0.5,1.0,0.0,152.51380223555438,11.0,87.0,0.1
40,0.5,1.0,0.0,103.07316730421944,10.0,41.0,0.1
41,0.5,1.0,0.0,263.7032240279821,19.0,125.0,0.1
42,0.5,1.0,0.0,43.71978030638773,5.0,20.0,0.1
43,0.5,1.0,0.0,117.17979231027184,6.0,64.0,0.1
44,0.5,1.0,0.0,342.1259127379272,21.0,203.0,0.1
45,0.5,1.0,0.0,288.0367090933026,19.0,124.0,0.1
46,0.5,1.0,0.0,175.83928887944143,15.0,87.0,0.1
47,0.5,1.0,0.0,448.09894561462966,29.0,224.0,0.1
48,0.5,1.0,0.0,42.1046444378137,4.0,24.0,0.1
49,0.5,1.0,0.0,83.47959687129224,5.0,42.0,0.1
50,0.5,1.0,0.0,918.2231111492076,70.0,420.0,0.1
51,0.5,1.0,0.0,165.96342503559177,9.0,85.0,0.1
52,0.5,1.0,0.0,51.4970320228594,6.0,26.0,0.1
53,0.5,1.0,0.0,122.68147190066428,13.0,53.0,0.1
54,0.5,1.0,0.0,132.9246090451486,9.0,80.0,0.1
55,0.5,1.0,0.0,116.34445877406876,10.0,56.0,0.1
56,0.5,1.0,0.0,684.1904271597872,53.0,307.0,0.1
57,0.5,1.0,0.0,123.99397400319558,10.0,63.0,0.1
58,0.5,1.0,0.0,45.13890311920104,3.0,19.0,0.1
59,0.5,1.0,0.0,66.33004489174996,7.0,29.0,0.1
60,0.5,1.0,0.0,99.90143965480776,4.0,40.0,0.1
61,0.5,1.0,0.0,179.36131551065162,15.0,93.0,0.1
62,0.5,1.0,0.0,146.04789448504067,13.0,78.0,0.1
63,0.5,1.0,0.0,255.4114934016375,22.0,115.0,0.1
64,0.5,1.0,0.0,24.65909385031965,4.0,18.0,0.1
65,0.5,1.0,0.0,150.54566326361964,10.0,67.0,0.1
66,0.5,1.0,0.0,66.35912903565601,7.0,32.0,0.1
67,0.5,1.0,0.0,129.65395660173914,7.0,76.0,0.1
68,0.5,1.0,0.0,115.59956597387963,6.0,64.0,0.1
69,0.5,1.0,0.0,69.68708696559169,6.0,28.0,0.1
70,0.5,1.0,0.0,83.84741482486683,9.0,52.0,0.1
71,0.5,1.0,0.0,269.2843160249441,15.0,130.0,0.1
72,0.5,1.0,0.0,392.5068521128788,31.0,208.0,0.1
73,0.5,1.0,0.0,136.80596822275132,9.0,59.0,0.1
74,0.5,1.0,0.0,276.45845741508583,12.0,136.0,0.1
75,0.5,1.0,0.0,253.3998149467048,17.0,129.0,0.1
76,0.5,1.0,0.0,50.24639930235608,4.0,21.0,0.1
77,0.5,1.0,0.0,340.77653572651224,27.0,191.0,0.1
78,0.5,1.0,0.0,549.8291882740233,40.0,298.0,0.1
79,0.5,1.0,0.0,65.89849460258752,4.0,34.0,0.1
80,0.5,1.0,0.0,229.22784916067693,17.0,109.0,0.1
81,0.5,1.0,0.0,17.39864873185917,2.0,10.0,0.1
82,0.5,1.0,0.0,335.5135737268702,26.0,160.0,0.1
83,0.5,1.0,0.0,475.8410990269429,39.0,235.0,0.1
84,0.5,1.0,0.0,301.3245461676205,27.0,133.0,0.1
85,0.5,1.0,0.0,57.5516682367798,4.0,26.0,0.1
86,0.5,1.0,0.0,169.8575362394375,16.0,96.0,0.1
87,0.5,1.0,0.0,69.79935666237759,3.0,31.0,0.1
88,0.5,1.0,0.0,235.8814172295,18.0,126.0,0.1
89,0.5,1.0,0.0,92.15710832787232,7.0,38.0,0.1
90,0.5,1.0,0.0,99.92853374732633,9.0,35.0,0.1
91,0.5,1.0,0.0,39.73640759196347,6.0,12.0,0.1
92,0.5,1.0,0.0,102.59665048815243,7.0,54.0,0.1
93,0.5,1.0,0.0,59.719394174140994,4.0,34.0,0.1
94,0.5,1.0,0.0,115.88592551722644,8.0,56.0,0.1
95,0.5,1.0,0.0,364.29260700175087,22.0,191.0,0.1
96,0.5,1.0,0.0,180.5623285390384,16.0,89.0,0.1
97,0.5,1.0,0.0,422.5537991062917,27.0,204.0,0.1
98,0.5,1.0,0.0,705.842626014395,57.0,359.0,0.1
99,0.5,1.0,0.0,334.76210236628503,29.0,166.0,0.1
100,0.5,1.0,0.0,370.6012318945926,24.0,159.0,0.1
101,0.5,1.0,0.0,148.59501684552802,14.0,75.0,0.1
102,0.5,1.0,0.0,107.24565062270776,6.0,51.0,0.1
103,0.5,1.0,0.0,206.32667059769196,17.0,89.0,0.1
104,0.5,1.0,0.0,176.06382098629643,12.0,89.0,0.1
105,0.5,1.0,0.0,32.39276172415527,4.0,15.0,0.1
106,0.5,1.0,0.0,173.83675060099583,10.0,76.0,0.1
107,0.5,1.0,0.0,104.01118784299622,12.0,47.0,0.1
108,0.5,1.0,0.0,273.8868853616341,25.0,116.0,0.1
109,0.5,1.0,0.0,337.33610321480705,31.0,182.0,0.1
110,0.5,1.0,0.0,60.359330604151246,4.0,29.0,0.1
111,0.5,1.0,0.0,86.38700517100357,7.0,49.0,0.1
112,0.5,1.0,0.0,279.3597770778207,20.0,143.0,0.1
113,0.5,1.0,0.0,33.30592787575344,3.0,14.0,0.1
114,0.5,1.0,0.0,92.06904651396792,8.0,41.0,0.1
115,0.5,1.0,0.0,110.95379388114884,9.0,58.0,0.1
116,0.5,1.0,0.0,73.35303091537438,5.0,31.0,0.1
117,0.5,1.0,0.0,235.54465081410007,19.0,115.0,0.1
118,0.5,1.0,0.0,234.6836804288221,20.0,108.0,0.1
119,0.5,1.0,0.0,263.69976625798296,17.0,151.0,0.1
120,0.5,1.0,0.0,37.81939166633249,4.0,26.0,0.1
121,0.5,1.0,0.0,229.67668671620223,20.0,110.0,0.1
122,0.5,1.0,0.0,60.56394287223843,7.0,21.0,0.1
123,0.5,1.0,0.0,738.180131624239,42.0,360.0,0.1
124,0.5,1.0,0.0,127.43680538343116,13.0,68.0,0.1
125,0.5,1.0,0.0,52.734569259838274,6.0,26.0,0.1
126,0.5,1.0,0.0,679.2229618605852,58.0,335.0,0.1
127,0.5,1.0,0.0,18.669067292087128,4.0,8.0,0.1
128,0.5,1.0,0.0,121.42409423583229,9.0,56.0,0.1
129,0.5,1.0,0.0,151.06995906406755,15.0,79.0,0.1
130,0.5,1.0,0.0,87.49331302910177,8.0,49.0,0.1
131,0.5,1.0,0.0,129.57333852062987,9.0,71.0,0.1
132,0.5,1.0,0.0,453.98301660339376,28.0,225.0,0.1
133,0.5,1.0,0.0,98.25362666604236,7.0,52.0,0.1
134,0.5,1.0,0.0,673.9806572952089,60.0,331.0,0.1
135,0.5,1.0,0.0,274.00257517785616,20.0,138.0,0.1
136,0.5,1.0,0.0,81.06120885093866,9.0,32.0,0.1
137,0.5,1.0,0.0,302.30092530613024,22.0,166.0,0.1
138,0.5,1.0,0.0,88.46565222831656,9.0,41.0,0.1
139,0.5,1.0,0.0,140.34000928295802,14.0,78.0,0.1
140,0.5,1.0,0.0,474.06311651362967,36.0,219.0,0.1
141,0.5,1.0,0.0,221.80356927504883,14.0,113.0,0.1
142,0.5,1.0,0.0,49.37199685273957,5.0,19.0,0.1
143,0.5,1.0,0.0,228.4071738106992,18.0,99.0,0.1
144,0.5,1.0,0.0,167.84564849826538,13.0,83.0,0.1
145,0.5,1.0,0.0,187.026268565619,14.0,95.0,0.1
146,0.5,1.0,0.0,124.75210331148008,16.0,62.0,0.1
147,0.5,1.0,0.0,55.180171694182526,3.0,21.0,0.1
148,0.5,1.0,0.0,386.88165281195535,36.0,179.0,0.1
149,0.5,1.0,0.0,87.89009112858338,9.0,35.0,0.1
150,0.5,1.0,0.0,340.3962927724179,22.0,170.0,0.1
151,0.5,1.0,0.0,126.36191336135276,12.0,64.0,0.1
152,0.5,1.0,0.0,59.51638523836434,4.0,28.0,0.1
153,0.5,1.0,0.0,138.54893224206202,7.0,63.0,0.1
154,0.5,1.0,0.0,498.1787973668386,44.0,258.0,0.1
155,0.5,1.0,0.0,547.2139861312011,40.0,266.0,0.1
156,0.5,1.0,0.0,118.66871551225316,9.0,61.0,0.1
157,0.5,1.0,0.0,433.9318240568142,34.0,234.0,0.1
158,0.5,1.0,0.0,230.0180407790001,13.0,128.0,0.1
159,0.5,1.0,0.0,565.4456570369,49.0,271.0,0.1
160,0.5,1.0,0.0,202.94106335106517,11.0,87.0,0.1
161,0.5,1.0,0.0,287.2056705225898,23.0,129.0,0.1
162,0.5,1.0,0.0,214.3915656477304,15.0,114.0,0.1
163,0.5,1.0,0.0,48.8591289382104,3.0,19.0,0.1
164,0.5,1.0,0.0,151.73600940360157,10.0,79.0,0.1
165,0.5,1.0,0.0,116.72932346153044,10.0,69.0,0.1
166,0.5,1.0,0.0,236.3260314761124,18.0,128.0,0.1
167,0.5,1.0,0.0,69.49558472557435,5.0,38.0,0.1
168,0.5,1.0,0.0,26.143396676177325,3.0,10.0,0.1
169,0.5,1.0,0.0,87.30916581838709,7.0,40.0,0.1
170,0.5,1.0,0.0,48.70626036343713,3.0,23.0,0.1
171,0.5,1.0,0.0,46.06211272804741,5.0,28.0,0.1
172,0.5,1.0,0.0,89.91132578279766,8.0,54.0,0.1
173,0.5,1.0,0.0,95.91725785328998,8.0,36.0,0.1
174,0.5,1.0,0.0,369.63956344123216,30.0,183.0,0.1
175,0.5,1.0,0.0,276.7420136704247,27.0,121.0,0.1
176,0.5,1.0,0.0,240.1623499000449,10.0,128.0,0.1
177,0.5,1.0,0.0,40.29747718075996,3.0,15.0,0.1
178,0.5,1.0,0.0,290.522337611692,18.0,172.0,0.1
179,0.5,1.0,0.0,58.04861622413706,5.0,24.0,0.1
180,0.5,1.0,0.0,113.32056158241764,7.0,63.0,0.1
181,0.5,1.0,0.0,564.4227922473714,39.0,297.0,0.1
182,0.5,1.0,0.0,114.44668849090816,8.0,68.0,0.1
183,0.5,1.0,0.0,37.30122330729391,4.0,22.0,0.1
184,0.5,1.0,0.0,43.489232982425975,3.0,25.0,0.1
185,0.5,1.0,0.0,36.0325003373788,3.0,14.0,0.1
186,0.5,1.0,0.0,457.6676056169281,35.0,207.0,0.1
187,0.5,1.0,0.0,406.5382078653255,34.0,221.0,0.1
188,0.5,1.0,0.0,521.8413339727688,50.0,230.0,0.1
189,0.5,1.0,0.0,172.584797017859,7.0,109.0,0.1
190,0.5,1.0,0.0,68.17759142442004,4.0,24.0,0.1
191,0.5,1.0,0.0,202.4809564107901,16.0,108.0,0.1
192,0.5,1.0,0.0,49.65434423413704,5.0,23.0,0.1
193,0.5,1.0,0.0,66.54114581963833,9.0,33.0,0.1
194,0.5,1.0,0.0,85.44707289801565,7.0,39.0,0.1
195,0.5,1.0,0.0,140.20512609680165,10.0,57.0,0.1
196,0.5,1.0,0.0,326.7296334579419,25.0,153.0,0.1
197,0.5,1.0,0.0,240.1819495922841,17.0,119.0,0.1
198,0.5,1.0,0.0,51.41910722887671,5.0,24.0,0.1
199,0.5,1.0,0.0,92.05285145976016,6.0,43.0,0.1
200,0.5,1.0,0.0,129.51655015252166,11.0,46.0,0.1
201,0.5,1.0,0.0,393.7303389026807,34.0,189.0,0.1
202,0.5,1.0,0.0,148.77420453049018,12.0,81.0,0.1
203,0.5,1.0,0.0,461.3247303042566,29.0,217.0,0.1
204,0.5,1.0,0.0,68.71318873202671,5.0,28.0,0.1
205,0.5,1.0,0.0,83.40271960937281,6.0,47.0,0.1
206,0.5,1.0,0.0,29.080944136303305,3.0,9.0,0.1
207,0.5,1.0,0.0,288.6163469281732,31.0,134.0,0.1
208,0.5,1.0,0.0,297.0505451492662,24.0,135.0,0.1
209,0.5,1.0,0.0,57.31914632270074,6.0,34.0,0.1
210,0.5,1.0,0.0,224.9790033613745,20.0,110.0,0.1
211,0.5,1.0,0.0,176.91908650287135,10.0,87.0,0.1
212,0.5,1.0,0.0,666.9726304060017,57.0,320.0,0.1
213,0.5,1.0,0.0,97.39118206546743,8.0,40.0,0.1
214,0.5,1.0,0.0,433.8297847098922,31.0,202.0,0.1
215,0.5,1.0,0.0,137.44831680286958,9.0,73.0,0.1
216,0.5,1.0,0.0,56.91169521795659,7.0,30.0,0.1
217,0.5,1.0,0.0,224.83586516971573,22.0,100.0,0.1
218,0.5,1.0,0.0,144.4071342137308,7.0,52.0,0.1
219,0.5,1.0,0.0,278.57027305808793,23.0,132.0,0.1
220,0.5,1.0,0.0,150.51327964116726,14.0,60.0,0.1
221,0.5,1.0,0.0,44.413829323122826,6.0,23.0,0.1
222,0.5,1.0,0.0,387.3941385199111,18.0,201.0,0.1
223,0.5,1.0,0.0,695.1060238133698,57.0,332.0,0.1
224,0.5,1.0,0.0,363.1309303032666,33.0,190.0,0.1
225,0.5,1.0,0.0,153.3896245499684,11.0,66.0,0.1
226,0.5,1.0,0.0,77.82293254724003,3.0,37.0,0.1
227,0.5,1.0,0.0,291.6571119327824,21.0,144.0,0.1
228,0.5,1.0,0.0,116.5671838267969,10.0,55.0,0.1
229,0.5,1.0,0.0,220.04898778484124,20.0,110.0,0.1
230,0.5,1.0,0.0,92.25172742860605,6.0,46.0,0.1
231,0.5,1.0,0.0,296.3254339778036,15.0,153.0,0.1
232,0.5,1.0,0.0,101.61121671950262,6.0,54.0,0.1
233,0.5,1.0,0.0,594.9526728960235,52.0,313.0,0.1
234,0.5,1.0,0.0,413.1670729059937,24.0,207.0,0.1
235,0.5,1.0,0.0,55.15979853473917,8.0,25.0,0.1
236,0.5,1.0,0.0,110.85432749882187,14.0,35.0,0.1
237,0.5,1.0,0.0,491.05819940109774,36.0,262.0,0.1
238,0.5,1.0,0.0,75.47400108942941,3.0,43.0,0.1
239,0.5,1.0,0.0,191.51460845002865,15.0,77.0,0.1
240,0.5,1.0,0.0,44.001636478915216,8.0,15.0,0.1
241,0.5,1.0,0.0,75.75475692281074,6.0,40.0,0.1
242,0.5,1.0,0.0,132.9622486578911,7.0,64.0,0.1
243,0.5,1.0,0.0,189.574402241327,14.0,81.0,0.1
244,0.5,1.0,0.0,61.34226273657632,5.0,25.0,0.1
245,0.5,1.0,0.0,134.70878176335654,8.0,59.0,0.1
246,0.5,1.0,0.0,282.1898403927986,21.0,146.0,0.1
247,0.5,1.0,0.0,179.70344842423268,11.0,90.0,0.1
248,0.5,1.0,0.0,99.2466338078642,9.0,35.0,0.1
249,0.5,1.0,0.0,168.99013825808512,9.0,86.0,0.1
250,0.5,1.0,0.0,75.23397905009881,7.0,31.0,0.1
251,0.5,1.0,0.0,276.4789962130654,23.0,144.0,0.1
252,0.5,1.0,0.0,290.97392778369823,26.0,161.0,0.1
253,0.5,1.0,0.0,97.8826656079826,6.0,35.0,0.1
254,0.5,1.0,0.0,395.1657527329732,37.0,192.0,0.1
255,0.5,1.0,0.0,158.42392237445674,15.0,90.0,0.1
256,0.5,1.0,0.0,40.863887968301576,4.0,20.0,0.1
257,0.5,1.0,0.0,232.36810075869133,15.0,111.0,0.1
258,0.5,1.0,0.0,91.16701927619916,10.0,36.0,0.1
259,0.5,1.0,0.0,91.2171942975644,4.0,48.0,0.1
260,0.5,1.0,0.0,141.16584163083527,12.0,69.0,0.1
261,0.5,1.0,0.0,37.019043868667616,3.0,22.0,0.1
262,0.5,1.0,0.0,127.97014682925509,9.0,61.0,0.1
263,0.5,1.0,0.0,40.36928166859936,5.0,18.0,0.1
264,0.5,1.0,0.0,91.3764806418218,7.0,44.0,0.1
265,0.5,1.0,0.0,44.24305791794463,6.0,14.0,0.1
266,0.5,1.0,0.0,297.4282634728042,16.0,150.0,0.1
267,0.5,1.0,0.0,129.8516812162176,8.0,76.0,0.1
268,0.5,1.0,0.0,92.21841255702488,10.0,44.0,0.1
269,0.5,1.0,0.0,101.4087422445428,8.0,57.0,0.1
270,0.5,1.0,0.0,13.846317469055451,2.0,3.0,0.1
271,0.5,1.0,0.0,53.47297937976644,6.0,27.0,0.1
272,0.5,1.0,0.0,30.31273849247744,4.0,9.0,0.1
273,0.5,1.0,0.0,201.8320991774342,16.0,90.0,0.1
274,0.5,1.0,0.0,158.07643530174468,16.0,67.0,0.1
275,0.5,1.0,0.0,19.68036835433722,2.0,10.0,0.1
276,0.5,1.0,0.0,192.9735283744116,13.0,99.0,0.1
277,0.5,1.0,0.0,177.27125367066645,10.0,99.0,0.1
278,0.5,1.0,0.0,57.02523220125767,4.0,28.0,0.1
279,0.5,1.0,0.0,116.7934549097622,11.0,58.0,0.1
280,0.5,1.0,0.0,126.98639784941128,10.0,69.0,0.1
281,0.5,1.0,0.0,158.6149162277404,16.0,79.0,0.1
282,0.5,1.0,0.0,146.36462744732455,11.0,75.0,0.1
283,0.5,1.0,0.0,91.35331938425196,9.0,42.0,0.1
284,0.5,1.0,0.0,392.3683185693214,33.0,201.0,0.1
285,0.5,1.0,0.0,118.98960219548972,8.0,50.0,0.1
286,0.5,1.0,0.0,214.51823216443535,18.0,121.0,0.1
287,0.5,1.0,0.0,23.02725004896585,3.0,5.0,0.1
288,0.5,1.0,0.0,355.0998723693272,28.0,190.0,0.1
289,0.5,1.0,0.0,297.1086827588064,25.0,158.0,0.1
290,0.5,1.0,0.0,230.4929394819586,18.0,114.0,0.1
291,0.5,1.0,0.0,111.28575719804306,8.0,59.0,0.1
292,0.5,1.0,0.0,175.41249011429622,11.0,90.0,0.1
293,0.5,1.0,0.0,44.86777736485653,4.0,16.0,0.1
294,0.5,1.0,0.0,228.56384092786976,22.0,119.0,0.1
295,0.5,1.0,0.0,182.1345769229424,9.0,100.0,0.1
296,0.5,1.0,0.0,44.24829275367639,4.0,23.0,0.1
297,0.5,1.0,0.0,196.35516924406895,20.0,85.0,0.1
298,0.5,1.0,0.0,148.43874959196958,11.0,70.0,0.1
299,0.5,1.0,0.0,39.18378893182005,4.0,20.0,0.1
300,0.5,1.0,0.0,103.38439680301845,7.0,49.0,0.1
301,0.5,1.0,0.0,372.07144579360255,22.0,182.0,0.1
302,0.5,1.0,0.0,20.737712579305548,3.0,9.0,0.1
303,0.5,1.0,0.0,55.69394910720338,4.0,28.0,0.1
304,0.5,1.0,0.0,20.24792898980937,2.0,11.0,0.1
305,0.5,1.0,0.0,284.92933745194057,19.0,130.0,0.1
306,0.5,1.0,0.0,216.5488668269225,19.0,102.0,0.1
307,0.5,1.0,0.0,41.4759586666184,6.0,30.0,0.1
308,0.5,1.0,0.0,65.19518823750441,4.0,28.0,0.1
309,0.5,1.0,0.0,243.86234543295865,20.0,114.0,0.1
310,0.5,1.0,0.0,167.29565940142004,9.0,84.0,0.1
311,0.5,1.0,0.0,164.1910990574402,12.0,85.0,0.1
312,0.5,1.0,0.0,279.07972932729353,21.0,161.0,0.1
313,0.5,1.0,0.0,155.5189792364746,6.0,63.0,0.1
314,0.5,1.0,0.0,126.34495288650446,8.0,56.0,0.1
315,0.5,1.0,0.0,81.12316918940839,6.0,51.0,0.1
316,0.5,1.0,0.0,316.8814858303859,24.0,164.0,0.1
317,0.5,1.0,0.0,61.92139696773903,8.0,35.0,0.1
318,0.5,1.0,0.0,201.8240977038052,17.0,109.0,0.1
319,0.5,1.0,0.0,385.5967411168078,26.0,202.0,0.1
320,0.5,1.0,0.0,34.784191165586705,3.0,19.0,0.1
321,0.5,1.0,0.0,423.8035590340075,25.0,207.0,0.1
322,0.5,1.0,0.0,85.12120199157751,10.0,46.0,0.1
323,0.5,1.0,0.0,93.21376194635748,8.0,38.0,0.1
324,0.5,1.0,0.0,37.20562029319353,3.0,12.0,0.1
325,0.5,1.0,0.0,394.0999264124447,30.0,199.0,0.1
326,0.5,1.0,0.0,444.05991683453937,36.0,249.0,0.1
327,0.5,1.0,0.0,289.9534820112429,21.0,139.0,0.1
328,0.5,1.0,0.0,33.86062074149336,4.0,13.0,0.1
329,0.5,1.0,0.0,208.19458135662148,19.0,90.0,0.1
330,0.5,1.0,0.0,111.50816944046424,7.0,52.0,0.1
331,0.5,1.0,0.0,68.57326304701375,10.0,35.0,0.1
332,0.5,1.0,0.0,61.60701128993257,5.0,29.0,0.1
333,0.5,1.0,0.0,98.9728039348833,9.0,55.0,0.1
334,0.5,1.0,0.0,86.35059211229164,7.0,38.0,0.1
335,0.5,1.0,0.0,79.8387492440729,8.0,39.0,0.1
336,0.5,1.0,0.0,717.4562392388957,52.0,354.0,0.1
337,0.5,1.0,0.0,180.858170123708,16.0,89.0,0.1
338,0.5,1.0,0.0,223.04844518538584,19.0,92.0,0.1
339,0.5,1.0,0.0,41.93291006745749,2.0,21.0,0.1
340,0.5,1.0,0.0,141.63376457275982,12.0,78.0,0.1
341,0.5,1.0,0.0,446.9978893482759,34.0,197.0,0.1
342,0.5,1.0,0.0,316.95990025866564,28.0,170.0,0.1
343,0.5,1.0,0.0,60.372443658203714,8.0,28.0,0.1
344,0.5,1.0,0.0,49.38533626841375,5.0,24.0,0.1
345,0.5,1.0,0.0,60.057615179590215,4.0,27.0,0.1
346,0.5,1.0,0.0,53.68714338622328,4.0,27.0,0.1
347,0.5,1.0,0.0,432.1812032785326,34.0,183.0,0.1
348,0.5,1.0,0.0,246.29850818847427,13.0,116.0,0.1
349,0.5,1.0,0.0,358.4327684263164,26.0,169.0,0.1
350,0.5,1.0,0.0,228.88584357316105,20.0,106.0,0.1
351,0.5,1.0,0.0,70.49769406815403,5.0,37.0,0.1
352,0.5,1.0,0.0,404.5609674842201,36.0,208.0,0.1
353,0.5,1.0,0.0,121.1776953775332,10.0,51.0,0.1
354,0.5,1.0,0.0,316.2000137682798,22.0,162.0,0.1
355,0.5,1.0,0.0,230.87608692868017,23.0,117.0,0.1
356,0.5,1.0,0.0,99.04730389974648,10.0,63.0,0.1
357,0.5,1.0,0.0,37.57063529867967,4.0,18.0,0.1
358,0.5,1.0,0.0,103.25803813444696,10.0,46.0,0.1
359,0.5,1.0,0.0,358.0846958343064,37.0,162.0,0.1
360,0.5,1.0,0.0,44.91912301413421,5.0,23.0,0.1
361,0.5,1.0,0.0,354.9310142138463,29.0,170.0,0.1
362,0.5,1.0,0.0,81.94233505156663,5.0,31.0,0.1
363,0.5,1.0,0.0,204.699233607974,17.0,105.0,0.1
364,0.5,1.0,0.0,97.40278721290947,6.0,58.0,0.1
365,0.5,1.0,0.0,116.23913833911269,8.0,59.0,0.1
366,0.5,1.0,0.0,97.13154851052212,7.0,50.0,0.1
367,0.5,1.0,0.0,121.77204110403656,11.0,52.0,0.1
368,0.5,1.0,0.0,248.073775486076,21.0,118.0,0.1
369,0.5,1.0,0.0,80.45171527792543,9.0,34.0,0.1
370,0.5,1.0,0.0,51.44295994754211,4.0,21.0,0.1
371,0.5,1.0,0.0,460.283505396138,39.0,248.0,0.1
372,0.5,1.0,0.0,55.435173904715136,4.0,42.0,0.1
373,0.5,1.0,0.0,58.561203022166005,3.0,25.0,0.1
374,0.5,1.0,0.0,71.31953326946278,5.0,35.0,0.1
375,0.5,1.0,0.0,61.730023166687815,4.0,31.0,0.1
376,0.5,1.0,0.0,49.43586054837501,4.0,28.0,0.1
377,0.5,1.0,0.0,239.9644839402767,14.0,95.0,0.1
378,0.5,1.0,0.0,136.23152336871095,9.0,72.0,0.1
379,0.5,1.0,0.0,253.3358227385736,20.0,144.0,0.1
380,0.5,1.0,0.0,194.9439208477848,13.0,114.0,0.1
381,0.5,1.0,0.0,214.9298076674258,19.0,85.0,0.1
382,0.5,1.0,0.0,136.3027199986204,9.0,77.0,0.1
383,0.5,1.0,0.0,61.69412156228801,3.0,31.0,0.1
384,0.5,1.0,0.0,74.72237618768942,9.0,37.0,0.1
385,0.5,1.0,0.0,98.46881090948946,8.0,46.0,0.1
386,0.5,1.0,0.0,342.409207922295,27.0,181.0,0.1
387,0.5,1.0,0.0,590.7199451173244,42.0,304.0,0.1
388,0.5,1.0,0.0,134.82244380427906,6.0,65.0,0.1
389,0.5,1.0,0.0,175.83497666711938,12.0,99.0,0.1
390,0.5,1.0,0.0,210.66145284446543,18.0,93.0,0.1
391,0.5,1.0,0.0,402.2305499061009,29.0,231.0,0.1
392,0.5,1.0,0.0,48.560827186444406,6.0,24.0,0.1
393,0.5,1.0,0.0,160.03687622586938,12.0,86.0,0.1
394,0.5,1.0,0.0,110.13959659040206,8.0,56.0,0.1
395,0.5,1.0,0.0,227.47208435304285,17.0,117.0,0.1
396,0.5,1.0,0.0,253.68116685909573,18.0,133.0,0.1
397,0.5,1.0,0.0,122.228367507341,10.0,61.0,0.1
398,0.5,1.0,0.0,166.63190350194066,10.0,79.0,0.1
399,0.5,1.0,0.0,115.38641541944112,8.0,51.0,0.1
400,0.5,1.0,0.0,274.15456213214804,11.0,146.0,0.1
401,0.5,1.0,0.0,136.0869052913778,10.0,60.0,0.1
402,0.5,1.0,0.0,206.1465319663984,13.0,107.0,0.1
403,0.5,1.0,0.0,116.08802762934404,8.0,51.0,0.1
404,0.5,1.0,0.0,169.86580580825898,12.0,93.0,0.1
405,0.5,1.0,0.0,316.8362432027316,25.0,151.0,0.1
406,0.5,1.0,0.0,370.9185593863448,31.0,192.0,0.1
407,0.5,1.0,0.0,877.3397056412025,77.0,451.0,0.1
408,0.5,1.0,0.0,128.52088278469748,9.0,73.0,0.1
409,0.5,1.0,0.0,290.19969968295857,20.0,161.0,0.1
410,0.5,1.0,0.0,30.570596921198355,5.0,13.0,0.1
411,0.5,1.0,0.0,112.23174309341594,7.0,47.0,0.1
412,0.5,1.0,0.0,137.3514308414585,10.0,70.0,0.1
413,0.5,1.0,0.0,65.31463442147266,5.0,34.0,0.1
414,0.5,1.0,0.0,72.16525879975826,4.0,34.0,0.1
415,0.5,1.0,0.0,66.93445022313045,7.0,32.0,0.1
416,0.5,1.0,0.0,433.1834841325428,32.0,207.0,0.1
417,0.5,1.0,0.0,197.9720549032288,12.0,125.0,0.1
418,0.5,1.0,0.0,127.43470176353858,9.0,61.0,0.1
419,0.5,1.0,0.0,50.431377101599104,3.0,19.0,0.1
420,0.5,1.0,0.0,538.9909352209733,40.0,275.0,0.1
421,0.5,1.0,0.0,122.49889793119,7.0,62.0,0.1
422,0.5,1.0,0.0,118.34101579043,12.0,60.0,0.1
423,0.5,1.0,0.0,721.6260946802392,54.0,344.0,0.1
424,0.5,1.0,0.0,694.0410772121626,47.0,335.0,0.1
425,0.5,1.0,0.0,72.8076479272769,5.0,24.0,0.1
426,0.5,1.0,0.0,392.51410127529607,33.0,187.0,0.1
427,0.5,1.0,0.0,222.4074537707296,16.0,114.0,0.1
428,0.5,1.0,0.0,69.70851882406602,4.0,33.0,0.1
429,0.5,1.0,0.0,177.74131945222683,15.0,82.0,0.1
430,0.5,1.0,0.0,75.86447433305615,5.0,39.0,0.1
431,0.5,1.0,0.0,21.021180887928733,3.0,8.0,0.1
432,0.5,1.0,0.0,110.26550749031084,9.0,56.0,0.1
433,0.5,1.0,0.0,102.08862759564444,8.0,59.0,0.1
434,0.5,1.0,0.0,673.6358971876741,45.0,349.0,0.1
435,0.5,1.0,0.0,74.13833297523273,6.0,27.0,0.1
436,0.5,1.0,0.0,206.8001411599336,18.0,115.0,0.1
437,0.5,1.0,0.0,134.12693070735182,10.0,82.0,0.1
438,0.5,1.0,0.0,106.26974074839484,9.0,42.0,0.1
439,0.5,1.0,0.0,264.063290833301,19.0,124.0,0.1
440,0.5,1.0,0.0,105.39104273909751,12.0,50.0,0.1
441,0.5,1.0,0.0,435.706474773522,34.0,237.0,0.1
442,0.5,1.0,0.0,190.92879032645104,17.0,104.0,0.1
443,0.5,1.0,0.0,182.89909937367568,9.0,96.0,0.1
444,0.5,1.0,0.0,257.09562381502394,19.0,118.0,0.1
445,0.5,1.0,0.0,70.7819292155723,7.0,35.0,0.1
446,0.5,1.0,0.0,175.49395838963662,14.0,76.0,0.1
447,0.5,1.0,0.0,54.46820252028807,2.0,22.0,0.1
448,0.5,1.0,0.0,174.33697684044944,15.0,77.0,0.1
449,0.5,1.0,0.0,139.61708499599763,11.0,82.0,0.1
450,0.5,1.0,0.0,124.41754058146498,8.0,61.0,0.1
451,0.5,1.0,0.0,151.01431872130738,11.0,71.0,0.1
452,0.5,1.0,0.0,481.1750001735729,38.0,261.0,0.1
453,0.5,1.0,0.0,501.7766991856356,34.0,235.0,0.1
454,0.5,1.0,0.0,95.2082536567773,4.0,52.0,0.1
455,0.5,1.0,0.0,351.17896362120405,30.0,175.0,0.1
456,0.5,1.0,0.0,261.5717576426329,21.0,129.0,0.1
457,0.5,1.0,0.0,226.34555896679512,19.0,110.0,0.1
458,0.5,1.0,0.0,199.34810645470023,11.0,75.0,0.1
459,0.5,1.0,0.0,124.39642890802487,7.0,55.0,0.1
460,0.5,1.0,0.0,196.6844447967489,17.0,105.0,0.1
461,0.5,1.0,0.0,214.08023778264308,18.0,104.0,0.1
462,0.5,1.0,0.0,334.23472258887693,29.0,150.0,0.1
463,0.5,1.0,0.0,303.91567065842185,24.0,163.0,0.1
464,0.5,1.0,0.0,151.39125363933962,13.0,84.0,0.1
465,0.5,1.0,0.0,65.83874256489356,6.0,23.0,0.1
466,0.5,1.0,0.0,198.41053975381925,15.0,103.0,0.1
467,0.5,1.0,0.0,82.6843392645003,7.0,44.0,0.1
468,0.5,1.0,0.0,38.04649500082572,4.0,11.0,0.1
469,0.5,1.0,0.0,285.13546985308733,24.0,144.0,0.1
470,0.5,1.0,0.0,1051.9690570748844,66.0,529.0,0.1
471,0.5,1.0,0.0,192.53993824165408,10.0,96.0,0.1
472,0.5,1.0,0.0,225.1577881852977,17.0,112.0,0.1
473,0.5,1.0,0.0,234.86353697595013,16.0,119.0,0.1
474,0.5,1.0,0.0,598.6540795697224,41.0,297.0,0.1
475,0.5,1.0,0.0,60.3286454457964,7.0,30.0,0.1
476,0.5,1.0,0.0,33.553326512408965,3.0,14.0,0.1
477,0.5,1.0,0.0,669.5864181392161,55.0,303.0,0.1
478,0.5,1.0,0.0,176.11492825198502,11.0,78.0,0.1
479,0.5,1.0,0.0,103.01001169552214,8.0,54.0,0.1
480,0.5,1.0,0.0,40.313857052452846,5.0,21.0,0.1
481,0.5,1.0,0.0,651.7312916506579,44.0,334.0,0.1
482,0.5,1.0,0.0,372.1922432063933,31.0,186.0,0.1
483,0.5,1.0,0.0,131.0869752914783,13.0,67.0,0.1
484,0.5,1.0,0.0,206.22105893928668,15.0,100.0,0.1
485,0.5,1.0,0.0,132.46265760277885,7.0,65.0,0.1
486,0.5,1.0,0.0,107.99913726750908,5.0,58.0,0.1
487,0.5,1.0,0.0,417.5851338906164,24.0,211.0,0.1
488,0.5,1.0,0.0,187.62251718043444,16.0,96.0,0.1
489,0.5,1.0,0.0,513.4784595763405,39.0,247.0,0.1
490,0.5,1.0,0.0,262.44211215057504,17.0,141.0,0.1
491,0.5,1.0,0.0,267.07187995448817,23.0,139.0,0.1
492,0.5,1.0,0.0,349.39796430043265,28.0,184.0,0.1
493,0.5,1.0,0.0,116.58865131676627,10.0,49.0,0.1
494,0.5,1.0,0.0,26.81737417419909,1.0,11.0,0.1
495,0.5,1.0,0.0,101.17586515490252,6.0,55.0,0.1
496,0.5,1.0,0.0,42.05969863052777,4.0,20.0,0.1
497,0.5,1.0,0.0,256.77844490102683,23.0,123.0,0.1
498,0.5,1.0,0.0,18.467037543336613,1.0,2.0,0.1
499,0.5,1.0,0.0,141.68394547241166,11.0,66.0,0.1
500,0.5,1.0,0.0,34.93971328121079,3.0,16.0,0.1
501,0.5,1.0,0.0,240.6750317223846,10.0,126.0,0.1
502,0.5,1.0,0.0,785.6360980725528,60.0,395.0,0.1
503,0.5,1.0,0.0,391.2138937045384,25.0,210.0,0.1
504,0.5,1.0,0.0,230.49930255247685,20.0,132.0,0.1
505,0.5,1.0,0.0,340.9242945463863,24.0,176.0,0.1
506,0.5,1.0,0.0,54.452911004594384,4.0,33.0,0.1
507,0.5,1.0,0.0,26.50433587620548,4.0,10.0,0.1
508,0.5,1.0,0.0,362.612255521818,24.0,214.0,0.1
509,0.5,1.0,0.0,76.0706005645854,4.0,37.0,0.1
510,0.5,1.0,0.0,192.5711501007759,16.0,99.0,0.1
511,0.5,1.0,0.0,116.9907677624688,6.0,61.0,0.1
512,0.5,1.0,0.0,126.62650229475084,9.0,62.0,0.1
513,0.5,1.0,0.0,118.28205059063008,12.0,54.0,0.1
514,0.5,1.0,0.0,399.0424047881368,24.0,208.0,0.1
515,0.5,1.0,0.0,152.98813469116797,10.0,62.0,0.1
516,0.5,1.0,0.0,80.19429867775325,8.0,43.0,0.1
517,0.5,1.0,0.0,45.28579713548119,3.0,23.0,0.1
518,0.5,1.0,0.0,832.666733215393,65.0,356.0,0.1
519,0.5,1.0,0.0,523.1479424218061,33.0,272.0,0.1
520,0.5,1.0,0.0,60.37768037000169,5.0,30.0,0.1
521,0.5,1.0,0.0,95.17395505790608,8.0,49.0,0.1
522,0.5,1.0,0.0,106.19122970948072,10.0,51.0,0.1
523,0.5,1.0,0.0,171.32593666024616,11.0,87.0,0.1
524,0.5,1.0,0.0,166.277980292603,12.0,76.0,0.1
525,0.5,1.0,0.0,166.51224489889353,8.0,97.0,0.1
526,0.5,1.0,0.0,206.70802043193848,15.0,117.0,0.1
527,0.5,1.0,0.0,162.3266690926326,12.0,83.0,0.1
528,0.5,1.0,0.0,187.20130303176396,16.0,91.0,0.1
529,0.5,1.0,0.0,156.90114703587903,15.0,76.0,0.1
530,0.5,1.0,0.0,247.0298219748124,17.0,120.0,0.1
531,0.5,1.0,0.0,160.38542494599562,14.0,94.0,0.1
532,0.5,1.0,0.0,69.52311359754748,4.0,36.0,0.1
533,0.5,1.0,0.0,219.8784411108444,19.0,117.0,0.1
534,0.5,1.0,0.0,195.1363165871228,15.0,104.0,0.1
535,0.5,1.0,0.0,28.376340326803728,2.0,14.0,0.1
536,0.5,1.0,0.0,367.5532458854682,22.0,197.0,0.1
537,0.5,1.0,0.0,205.463389789121,14.0,100.0,0.1
538,0.5,1.0,0.0,342.24151916160685,31.0,165.0,0.1
539,0.5,1.0,0.0,81.54605025700286,7.0,28.0,0.1
540,0.5,1.0,0.0,218.7889072459537,15.0,110.0,0.1
541,0.5,1.0,0.0,31.696001771960876,3.0,11.0,0.1
542,0.5,1.0,0.0,295.3335239097672,20.0,148.0,0.1
543,0.5,1.0,0.0,312.3934216792854,20.0,152.0,0.1
544,0.5,1.0,0.0,254.4801293412041,16.0,116.0,0.1
545,0.5,1.0,0.0,52.814681850622826,3.0,24.0,0.1
546,0.5,1.0,0.0,78.11222469521368,5.0,36.0,0.1
547,0.5,1.0,0.0,182.808192543364,11.0,90.0,0.1
548,0.5,1.0,0.0,239.33926550267148,18.0,104.0,0.1
549,0.5,1.0,0.0,761.484676698802,55.0,359.0,0.1
550,0.5,1.0,0.0,172.3296148377764,14.0,74.0,0.1
551,0.5,1.0,0.0,181.84188231849205,12.0,78.0,0.1
552,0.5,1.0,0.0,213.1152319966338,17.0,109.0,0.1
553,0.5,1.0,0.0,121.781155131581,10.0,61.0,0.1
554,0.5,1.0,0.0,83.85418756485834,9.0,41.0,0.1
555,0.5,1.0,0.0,128.6032532967204,13.0,68.0,0.1
556,0.5,1.0,0.0,260.50847029963643,19.0,124.0,0.1
557,0.5,1.0,0.0,174.60594465237443,9.0,89.0,0.1
558,0.5,1.0,0.0,249.99659976385067,25.0,122.0,0.1
559,0.5,1.0,0.0,155.76278979449208,12.0,84.0,0.1
560,0.5,1.0,0.0,395.3749423876277,36.0,203.0,0.1
561,0.5,1.0,0.0,255.97164615409005,18.0,121.0,0.1
562,0.5,1.0,0.0,151.55778255614652,12.0,67.0,0.1
563,0.5,1.0,0.0,41.4884354560398,3.0,29.0,0.1
564,0.5,1.0,0.0,352.55435823120774,27.0,189.0,0.1
565,0.5,1.0,0.0,179.73897618347553,8.0,91.0,0.1
566,0.5,1.0,0.0,44.01799404236574,7.0,26.0,0.1
567,0.5,1.0,0.0,53.314806761912365,5.0,25.0,0.1
568,0.5,1.0,0.0,70.02581609277517,6.0,28.0,0.1
569,0.5,1.0,0.0,316.96651970364775,20.0,162.0,0.1
570,0.5,1.0,0.0,76.70259860571417,6.0,30.0,0.1
571,0.5,1.0,0.0,224.31624128269985,13.0,99.0,0.1
572,0.5,1.0,0.0,86.17054293825943,7.0,48.0,0.1
573,0.5,1.0,0.0,170.42233806412753,10.0,83.0,0.1
574,0.5,1.0,0.0,138.67889936411808,8.0,68.0,0.1
575,0.5,1.0,0.0,150.06160908516532,13.0,82.0,0.1
576,0.5,1.0,0.0,44.372838103483545,3.0,23.0,0.1
577,0.5,1.0,0.0,194.6165638724447,12.0,85.0,0.1
578,0.5,1.0,0.0,64.57501753069529,3.0,25.0,0.1
579,0.5,1.0,0.0,129.25084418356468,11.0,67.0,0.1
580,0.5,1.0,0.0,102.05936491279392,9.0,47.0,0.1
581,0.5,1.0,0.0,268.6606411662537,16.0,133.0,0.1
582,0.5,1.0,0.0,451.9184000427105,34.0,241.0,0.1
583,0.5,1.0,0.0,171.77836370600238,19.0,75.0,0.1
584,0.5,1.0,0.0,83.16238886249128,7.0,53.0,0.1
585,0.5,1.0,0.0,100.49112359944262,10.0,44.0,0.1
586,0.5,1.0,0.0,166.62562131423098,12.0,82.0,0.1
587,0.5,1.0,0.0,259.0819706559934,19.0,121.0,0.1
588,0.5,1.0,0.0,189.4912322471624,15.0,87.0,0.1
589,0.5,1.0,0.0,490.1556541260103,31.0,238.0,0.1
590,0.5,1.0,0.0,109.85906945546208,10.0,60.0,0.1
591,0.5,1.0,0.0,115.19207188088517,9.0,59.0,0.1
592,0.5,1.0,0.0,555.9188092603275,39.0,283.0,0.1
593,0.5,1.0,0.0,51.00206563759634,5.0,29.0,0.1
594,0.5,1.0,0.0,175.71269560369987,14.0,72.0,0.1
595,0.5,1.0,0.0,28.820612300386,2.0,10.0,0.1
596,0.5,1.0,0.0,204.40592664309565,15.0,104.0,0.1
597,0.5,1.0,0.0,301.08794561603275,23.0,152.0,0.1
598,0.5,1.0,0.0,246.0336538580228,20.0,95.0,0.1
599,0.5,1.0,0.0,39.89247988112243,3.0,19.0,0.1
600,0.5,1.0,0.0,115.69830551060736,10.0,54.0,0.1
601,0.5,1.0,0.0,167.7040104485922,11.0,90.0,0.1
602,0.5,1.0,0.0,236.9177397252227,15.0,123.0,0.1
603,0.5,1.0,0.0,417.092809216588,31.0,215.0,0.1
604,0.5,1.0,0.0,86.3284411452713,3.0,42.0,0.1
605,0.5,1.0,0.0,79.02909599139838,8.0,44.0,0.1
606,0.5,1.0,0.0,172.39000652335756,13.0,94.0,0.1
607,0.5,1.0,0.0,545.3989514476772,33.0,279.0,0.1
608,0.5,1.0,0.0,228.1476459572004,16.0,105.0,0.1
609,0.5,1.0,0.0,128.1221328408494,7.0,72.0,0.1
610,0.5,1.0,0.0,260.027402296123,20.0,123.0,0.1
611,0.5,1.0,0.0,54.89164432181976,4.0,31.0,0.1
612,0.5,1.0,0.0,108.18237258925456,7.0,41.0,0.1
613,0.5,1.0,0.0,302.7489603320743,25.0,141.0,0.1
614,0.5,1.0,0.0,71.2760494969238,8.0,28.0,0.1
615,0.5,1.0,0.0,189.0207256588248,15.0,92.0,0.1
616,0.5,1.0,0.0,419.1288815687444,28.0,220.0,0.1
617,0.5,1.0,0.0,550.3061720229268,34.0,270.0,0.1
618,0.5,1.0,0.0,167.1166037955343,9.0,86.0,0.1
619,0.5,1.0,0.0,135.7063807385095,11.0,65.0,0.1
620,0.5,1.0,0.0,86.3574533665587,8.0,48.0,0.1
621,0.5,1.0,0.0,151.27756173291868,10.0,68.0,0.1
622,0.5,1.0,0.0,74.98193342821084,7.0,44.0,0.1
623,0.5,1.0,0.0,67.96398731657459,6.0,26.0,0.1
624,0.5,1.0,0.0,95.21352294469963,7.0,51.0,0.1
625,0.5,1.0,0.0,109.49312550457712,6.0,64.0,0.1
626,0.5,1.0,0.0,156.68869132624627,12.0,95.0,0.1
627,0.5,1.0,0.0,29.378099244947432,4.0,19.0,0.1
628,0.5,1.0,0.0,123.01105968858764,11.0,69.0,0.1
629,0.5,1.0,0.0,800.4471283810449,52.0,411.0,0.1
630,0.5,1.0,0.0,722.4303789097901,59.0,354.0,0.1
631,0.5,1.0,0.0,41.3866384295551,5.0,13.0,0.1
632,0.5,1.0,0.0,68.81286170842766,6.0,27.0,0.1
633,0.5,1.0,0.0,62.943992694865344,5.0,37.0,0.1
634,0.5,1.0,0.0,80.05802449972417,6.0,39.0,0.1
635,0.5,1.0,0.0,331.279270143845,15.0,161.0,0.1
636,0.5,1.0,0.0,539.0116406522822,43.0,290.0,0.1
637,0.5,1.0,0.0,67.90886608536012,5.0,31.0,0.1
638,0.5,1.0,0.0,210.223391976998,17.0,106.0,0.1
639,0.5,1.0,0.0,168.05055443383836,15.0,83.0,0.1
640,0.5,1.0,0.0,97.09112924055113,8.0,53.0,0.1
641,0.5,1.0,0.0,164.68961237963066,14.0,77.0,0.1
642,0.5,1.0,0.0,115.43624594260612,7.0,61.0,0.1
643,0.5,1.0,0.0,186.0755229448664,13.0,93.0,0.1
644,0.5,1.0,0.0,137.40995569903922,13.0,66.0,0.1
645,0.5,1.0,0.0,208.3542885165576,17.0,109.0,0.1
646,0.5,1.0,0.0,472.62777141097183,31.0,250.0,0.1
647,0.5,1.0,0.0,111.11769527996458,11.0,61.0,0.1
648,0.5,1.0,0.0,76.28373897621779,3.0,36.0,0.1
649,0.5,1.0,0.0,59.51543554285912,5.0,24.0,0.1
650,0.5,1.0,0.0,675.7141615642647,47.0,342.0,0.1
651,0.5,1.0,0.0,269.195712479014,20.0,117.0,0.1
652,0.5,1.0,0.0,192.35946254532104,14.0,94.0,0.1
653,0.5,1.0,0.0,129.06607253390922,8.0,78.0,0.1
654,0.5,1.0,0.0,1580.279443990364,115.0,819.0,0.1
655,0.5,1.0,0.0,76.86969287020055,7.0,30.0,0.1
656,0.5,1.0,0.0,92.17481920826364,4.0,55.0,0.1
657,0.5,1.0,0.0,293.88572934623267,20.0,157.0,0.1
658,0.5,1.0,0.0,360.8667611933129,28.0,181.0,0.1
659,0.5,1.0,0.0,121.96984181877023,11.0,58.0,0.1
660,0.5,1.0,0.0,68.31996109019768,6.0,21.0,0.1
661,0.5,1.0,0.0,129.3397654642596,8.0,71.0,0.1
662,0.5,1.0,0.0,227.3336317144818,13.0,103.0,0.1
663,0.5,1.0,0.0,101.6479625700613,9.0,51.0,0.1
664,0.5,1.0,0.0,65.92621440305011,5.0,29.0,0.1
665,0.5,1.0,0.0,596.5892961717323,48.0,310.0,0.1
666,0.5,1.0,0.0,239.695402244426,18.0,108.0,0.1
667,0.5,1.0,0.0,68.97337678340833,6.0,35.0,0.1
668,0.5,1.0,0.0,322.40039019103926,24.0,184.0,0.1
669,0.5,1.0,0.0,205.6610519428492,18.0,100.0,0.1
670,0.5,1.0,0.0,49.56870327562746,4.0,28.0,0.1
671,0.5,1.0,0.0,98.6221300267225,5.0,48.0,0.1
672,0.5,1.0,0.0,62.30234343868529,7.0,37.0,0.1
673,0.5,1.0,0.0,333.12972593675494,21.0,163.0,0.1
674,0.5,1.0,0.0,146.5779588607787,12.0,67.0,0.1
675,0.5,1.0,0.0,42.75988616432257,2.0,23.0,0.1
676,0.5,1.0,0.0,206.03221910634505,17.0,82.0,0.1
677,0.5,1.0,0.0,59.46114928957013,5.0,31.0,0.1
678,0.5,1.0,0.0,57.3966506213149,4.0,29.0,0.1
679,0.5,1.0,0.0,95.05623131478625,8.0,50.0,0.1
680,0.5,1.0,0.0,332.83284199840665,28.0,158.0,0.1
681,0.5,1.0,0.0,259.34456712877613,17.0,139.0,0.1
682,0.5,1.0,0.0,32.69932210199937,3.0,15.0,0.1
683,0.5,1.0,0.0,134.3593293872539,10.0,46.0,0.1
684,0.5,1.0,0.0,111.27563509987672,9.0,64.0,0.1
685,0.5,1.0,0.0,24.016129973176103,1.0,11.0,0.1
686,0.5,1.0,0.0,201.8542253466001,17.0,101.0,0.1
687,0.5,1.0,0.0,48.77508410929328,6.0,30.0,0.1
688,0.5,1.0,0.0,302.05560209519217,15.0,149.0,0.1
689,0.5,1.0,0.0,82.51089465733149,8.0,39.0,0.1
690,0.5,1.0,0.0,434.927392296627,38.0,211.0,0.1
691,0.5,1.0,0.0,125.12288646820444,9.0,54.0,0.1
692,0.5,1.0,0.0,96.91812594343035,11.0,66.0,0.1
693,0.5,1.0,0.0,374.2704580774507,25.0,179.0,0.1
694,0.5,1.0,0.0,209.83107197314072,20.0,107.0,0.1
695,0.5,1.0,0.0,661.3760813210413,52.0,354.0,0.1
696,0.5,1.0,0.0,118.23979136015306,5.0,61.0,0.1
697,0.5,1.0,0.0,460.068004475506,28.0,243.0,0.1
698,0.5,1.0,0.0,273.6501438994875,27.0,130.0,0.1
699,0.5,1.0,0.0,41.497311669746686,4.0,21.0,0.1
700,0.5,1.0,0.0,116.022777594542,7.0,60.0,0.1
701,0.5,1.0,0.0,218.9881988415196,17.0,81.0,0.1
702,0.5,1.0,0.0,225.30158578787652,16.0,127.0,0.1
703,0.5,1.0,0.0,185.9228615021964,19.0,95.0,0.1
704,0.5,1.0,0.0,39.04567595625507,4.0,17.0,0.1
705,0.5,1.0,0.0,32.53044731541201,5.0,11.0,0.1
706,0.5,1.0,0.0,194.5956724953361,18.0,92.0,0.1
707,0.5,1.0,0.0,203.37635693264733,22.0,111.0,0.1
708,0.5,1.0,0.0,534.506257634296,42.0,298.0,0.1
709,0.5,1.0,0.0,336.5837351889953,26.0,186.0,0.1
710,0.5,1.0,0.0,159.50309421173006,16.0,73.0,0.1
711,0.5,1.0,0.0,78.74631146962214,7.0,36.0,0.1
712,0.5,1.0,0.0,28.2696874040186,4.0,11.0,0.1
713,0.5,1.0,0.0,69.2271953192586,3.0,42.0,0.1
714,0.5,1.0,0.0,406.7830907573179,35.0,195.0,0.1
715,0.5,1.0,0.0,903.6001897389116,69.0,473.0,0.1
716,0.5,1.0,0.0,39.437530242781726,3.0,13.0,0.1
717,0.5,1.0,0.0,126.09087491669926,10.0,67.0,0.1
718,0.5,1.0,0.0,142.1205694136103,6.0,81.0,0.1
719,0.5,1.0,0.0,129.32705856260569,7.0,70.0,0.1
720,0.5,1.0,0.0,182.6815947594933,12.0,88.0,0.1
721,0.5,1.0,0.0,186.59854318481,12.0,103.0,0.1
722,0.5,1.0,0.0,169.19240768643428,10.0,74.0,0.1
723,0.5,1.0,0.0,318.61643355230166,24.0,173.0,0.1
724,0.5,1.0,0.0,284.7199460838804,25.0,146.0,0.1
725,0.5,1.0,0.0,203.889910586672,19.0,93.0,0.1
726,0.5,1.0,0.0,256.2095394531904,23.0,136.0,0.1
727,0.5,1.0,0.0,300.8115025733247,22.0,146.0,0.1
728,0.5,1.0,0.0,43.314453480925614,2.0,21.0,0.1
729,0.5,1.0,0.0,172.49125460894984,12.0,81.0,0.1
730,0.5,1.0,0.0,39.653082931293646,4.0,16.0,0.1
731,0.5,1.0,0.0,86.05710270587014,8.0,37.0,0.1
732,0.5,1.0,0.0,326.1137829208,29.0,158.0,0.1
733,0.5,1.0,0.0,288.76854542944864,27.0,139.0,0.1
734,0.5,1.0,0.0,88.68202148064677,7.0,41.0,0.1
735,0.5,1.0,0.0,77.05756931474826,5.0,40.0,0.1
736,0.5,1.0,0.0,102.41742031180384,7.0,42.0,0.1
737,0.5,1.0,0.0,49.74153369352201,6.0,19.0,0.1
738,0.5,1.0,0.0,58.6073566890681,4.0,25.0,0.1
739,0.5,1.0,0.0,168.95529399515385,11.0,82.0,0.1
740,0.5,1.0,0.0,67.50558392006721,5.0,30.0,0.1
741,0.5,1.0,0.0,41.26957181485038,3.0,24.0,0.1
742,0.5,1.0,0.0,119.53578204236564,8.0,59.0,0.1
743,0.5,1.0,0.0,427.19882852046135,41.0,220.0,0.1
744,0.5,1.0,0.0,211.3484886869913,17.0,110.0,0.1
745,0.5,1.0,0.0,159.84702548738042,16.0,80.0,0.1
746,0.5,1.0,0.0,429.2068861523586,34.0,222.0,0.1
747,0.5,1.0,0.0,130.32461028958434,11.0,59.0,0.1
748,0.5,1.0,0.0,116.08627348482489,10.0,67.0,0.1
749,0.5,1.0,0.0,59.4006563742715,6.0,28.0,0.1
750,0.5,1.0,0.0,200.4447834795367,11.0,104.0,0.1
751,0.5,1.0,0.0,69.45610754602346,6.0,31.0,0.1
752,0.5,1.0,0.0,377.6697190327546,26.0,169.0,0.1
753,0.5,1.0,0.0,118.52959320498316,7.0,61.0,0.1
754,0.5,1.0,0.0,316.6016339499293,26.0,138.0,0.1
755,0.5,1.0,0.0,165.70931873939773,13.0,76.0,0.1
756,0.5,1.0,0.0,159.11073033071483,10.0,88.0,0.1
757,0.5,1.0,0.0,152.3465205754512,19.0,74.0,0.1
758,0.5,1.0,0.0,22.05933206697368,2.0,8.0,0.1
759,0.5,1.0,0.0,89.8167563044452,6.0,49.0,0.1
760,0.5,1.0,0.0,44.08188884611013,3.0,24.0,0.1
761,0.5,1.0,0.0,216.8483629538981,14.0,113.0,0.1
762,0.5,1.0,0.0,418.232356362205,31.0,213.0,0.1
763,0.5,1.0,0.0,91.1918006392667,5.0,41.0,0.1
764,0.5,1.0,0.0,203.4621148826074,13.0,88.0,0.1
765,0.5,1.0,0.0,631.5727953164858,48.0,306.0,0.1
766,0.5,1.0,0.0,572.1508534188578,45.0,288.0,0.1
767,0.5,1.0,0.0,212.70570062639413,16.0,110.0,0.1
768,0.5,1.0,0.0,72.38100763143056,5.0,35.0,0.1
769,0.5,1.0,0.0,56.39394241793023,5.0,35.0,0.1
770,0.5,1.0,0.0,39.84116025464717,4.0,19.0,0.1
771,0.5,1.0,0.0,40.45297219879997,3.0,21.0,0.1
772,0.5,1.0,0.0,473.494460382271,28.0,222.0,0.1
773,0.5,1.0,0.0,101.09813553775516,6.0,45.0,0.1
774,0.5,1.0,0.0,56.387645685375176,4.0,32.0,0.1
775,0.5,1.0,0.0,230.304101688901,18.0,122.0,0.1
776,0.5,1.0,0.0,355.92644382577583,34.0,180.0,0.1
777,0.5,1.0,0.0,160.28090065601396,13.0,80.0,0.1
778,0.5,1.0,0.0,177.05517050679595,15.0,85.0,0.1
779,0.5,1.0,0.0,45.29681514678352,4.0,24.0,0.1
780,0.5,1.0,0.0,74.89148952035124,5.0,46.0,0.1
781,0.5,1.0,0.0,519.207026298378,37.0,228.0,0.1
782,0.5,1.0,0.0,90.6055385851816,5.0,38.0,0.1
783,0.5,1.0,0.0,83.81923971298912,6.0,52.0,0.1
784,0.5,1.0,0.0,437.9661867475168,37.0,216.0,0.1
785,0.5,1.0,0.0,58.86599238357231,4.0,22.0,0.1
786,0.5,1.0,0.0,47.42625159963554,3.0,25.0,0.1
787,0.5,1.0,0.0,610.3857468136723,36.0,307.0,0.1
788,0.5,1.0,0.0,60.54942163989757,5.0,32.0,0.1
789,0.5,1.0,0.0,43.64057548958252,4.0,19.0,0.1
790,0.5,1.0,0.0,79.66630264963041,9.0,30.0,0.1
791,0.5,1.0,0.0,57.33158136963872,6.0,28.0,0.1
792,0.5,1.0,0.0,322.12303814255307,19.0,155.0,0.1
793,0.5,1.0,0.0,76.8758270505991,5.0,35.0,0.1
794,0.5,1.0,0.0,34.16517638798923,2.0,20.0,0.1
795,0.5,1.0,0.0,574.1623101807775,50.0,282.0,0.1
796,0.5,1.0,0.0,84.4590865873124,4.0,43.0,0.1
797,0.5,1.0,0.0,94.13886492390486,10.0,53.0,0.1
798,0.5,1.0,0.0,136.62188111027078,7.0,68.0,0.1
799,0.5,1.0,0.0,113.0343934298413,9.0,53.0,0.1
800,0.5,1.0,0.0,577.8045454203342,45.0,327.0,0.1
801,0.5,1.0,0.0,213.76169750694945,19.0,118.0,0.1
802,0.5,1.0,0.0,247.62140027671745,15.0,129.0,0.1
803,0.5,1.0,0.0,105.07004191219386,7.0,54.0,0.1
804,0.5,1.0,0.0,240.29917705977013,18.0,106.0,0.1
805,0.5,1.0,0.0,193.3872463640446,18.0,94.0,0.1
806,0.5,1.0,0.0,370.1648252449263,28.0,186.0,0.1
807,0.5,1.0,0.0,55.27026777497881,5.0,22.0,0.1
808,0.5,1.0,0.0,143.9254454104611,14.0,80.0,0.1
809,0.5,1.0,0.0,103.157946573124,8.0,49.0,0.1
810,0.5,1.0,0.0,198.3693048812316,12.0,116.0,0.1
811,0.5,1.0,0.0,49.52537271694219,5.0,24.0,0.1
812,0.5,1.0,0.0,385.5685913389093,31.0,182.0,0.1
813,0.5,1.0,0.0,113.39587498540862,6.0,54.0,0.1
814,0.5,1.0,0.0,228.20918784000264,17.0,123.0,0.1
815,0.5,1.0,0.0,53.42603506099464,4.0,25.0,0.1
816,0.5,1.0,0.0,59.04463027866772,6.0,34.0,0.1
817,0.5,1.0,0.0,192.80554327416047,14.0,86.0,0.1
818,0.5,1.0,0.0,188.7602432284476,16.0,92.0,0.1
819,0.5,1.0,0.0,39.3374929465876,3.0,26.0,0.1
820,0.5,1.0,0.0,77.3995591609937,6.0,46.0,0.1
821,0.5,1.0,0.0,351.53039128029747,24.0,189.0,0.1
822,0.5,1.0,0.0,182.1003874960421,18.0,104.0,0.1
823,0.5,1.0,0.0,177.64815473228333,6.0,94.0,0.1
824,0.5,1.0,0.0,176.8939280383157,13.0,83.0,0.1
825,0.5,1.0,0.0,383.2575949541909,31.0,184.0,0.1
826,0.5,1.0,0.0,128.74214733384,10.0,63.0,0.1
827,0.5,1.0,0.0,411.6635253072295,28.0,200.0,0.1
828,0.5,1.0,0.0,332.24421110149507,22.0,179.0,0.1
829,0.5,1.0,0.0,74.06959223673388,5.0,36.0,0.1
830,0.5,1.0,0.0,146.5527885507136,8.0,81.0,0.1
831,0.5,1.0,0.0,522.2713522024579,36.0,253.0,0.1
832,0.5,1.0,0.0,102.69224812743349,8.0,50.0,0.1
833,0.5,1.0,0.0,41.84746710134797,3.0,19.0,0.1
834,0.5,1.0,0.0,46.852318043345576,4.0,20.0,0.1
835,0.5,1.0,0.0,360.818948144974,22.0,207.0,0.1
836,0.5,1.0,0.0,196.6441073354248,20.0,110.0,0.1
837,0.5,1.0,0.0,106.5935920131658,4.0,55.0,0.1
838,0.5,1.0,0.0,223.54475796928585,18.0,111.0,0.1
839,0.5,1.0,0.0,33.41869489695419,6.0,15.0,0.1
840,0.5,1.0,0.0,131.47070386153555,8.0,63.0,0.1
841,0.5,1.0,0.0,103.91122544241288,8.0,54.0,0.1
842,0.5,1.0,0.0,96.90322066179476,12.0,41.0,0.1
843,0.5,1.0,0.0,38.82490163682691,5.0,16.0,0.1
844,0.5,1.0,0.0,566.2268328989235,47.0,265.0,0.1
845,0.5,1.0,0.0,78.83034948736713,7.0,27.0,0.1
846,0.5,1.0,0.0,51.69124645712065,6.0,25.0,0.1
847,0.5,1.0,0.0,42.52248055119675,4.0,23.0,0.1
848,0.5,1.0,0.0,154.25028296911444,12.0,75.0,0.1
849,0.5,1.0,0.0,102.2178354265361,6.0,53.0,0.1
850,0.5,1.0,0.0,175.2520953002113,16.0,87.0,0.1
851,0.5,1.0,0.0,147.52698780930663,15.0,79.0,0.1
852,0.5,1.0,0.0,117.79559900935668,12.0,54.0,0.1
853,0.5,1.0,0.0,149.5968742808717,11.0,71.0,0.1
854,0.5,1.0,0.0,101.78995480703642,6.0,52.0,0.1
855,0.5,1.0,0.0,341.7369980167204,29.0,166.0,0.1
856,0.5,1.0,0.0,665.003337217601,58.0,348.0,0.1
857,0.5,1.0,0.0,141.17929724976844,8.0,87.0,0.1
858,0.5,1.0,0.0,409.7219976577858,34.0,164.0,0.1
859,0.5,1.0,0.0,97.88474686168296,4.0,51.0,0.1
860,0.5,1.0,0.0,77.04470069343336,7.0,35.0,0.1
861,0.5,1.0,0.0,141.63080479681568,7.0,77.0,0.1
862,0.5,1.0,0.0,723.9211696116687,50.0,341.0,0.1
863,0.5,1.0,0.0,147.46891510265488,10.0,88.0,0.1
864,0.5,1.0,0.0,34.31468656725011,2.0,12.0,0.1
865,0.5,1.0,0.0,192.9187166898658,13.0,98.0,0.1
866,0.5,1.0,0.0,96.11215490825752,10.0,40.0,0.1
867,0.5,1.0,0.0,111.7168476500454,4.0,66.0,0.1
868,0.5,1.0,0.0,140.82838020014748,9.0,81.0,0.1
869,0.5,1.0,0.0,79.8862248172759,7.0,36.0,0.1
870,0.5,1.0,0.0,41.52720517353171,4.0,15.0,0.1
871,0.5,1.0,0.0,244.4701165666294,15.0,113.0,0.1
872,0.5,1.0,0.0,297.46881269417725,30.0,156.0,0.1
873,0.5,1.0,0.0,78.89426704708468,6.0,41.0,0.1
874,0.5,1.0,0.0,125.58719024321844,10.0,74.0,0.1
875,0.5,1.0,0.0,46.57081318533968,6.0,21.0,0.1
876,0.5,1.0,0.0,230.2374351627784,21.0,122.0,0.1
877,0.5,1.0,0.0,163.1821988155873,17.0,74.0,0.1
878,0.5,1.0,0.0,376.2806288322239,30.0,193.0,0.1
879,0.5,1.0,0.0,149.46872844997014,12.0,95.0,0.1
880,0.5,1.0,0.0,36.98461844905489,3.0,14.0,0.1
881,0.5,1.0,0.0,243.3535047847896,21.0,113.0,0.1
882,0.5,1.0,0.0,52.34479291090054,2.0,19.0,0.1
883,0.5,1.0,0.0,200.14740446123253,13.0,108.0,0.1
884,0.5,1.0,0.0,51.044647269722674,4.0,13.0,0.1
885,0.5,1.0,0.0,231.3932075120601,19.0,134.0,0.1
886,0.5,1.0,0.0,119.47841514893756,9.0,69.0,0.1
887,0.5,1.0,0.0,62.16520164721281,6.0,29.0,0.1
888,0.5,1.0,0.0,533.6573479225509,32.0,296.0,0.1
889,0.5,1.0,0.0,326.11995498042216,18.0,171.0,0.1
890,0.5,1.0,0.0,37.10334371936217,4.0,18.0,0.1
891,0.5,1.0,0.0,499.17592362784177,41.0,258.0,0.1
892,0.5,1.0,0.0,168.9086027021694,12.0,94.0,0.1
893,0.5,1.0,0.0,55.326012652575606,5.0,29.0,0.1
894,0.5,1.0,0.0,116.45672153290695,11.0,64.0,0.1
895,0.5,1.0,0.0,249.7172103114433,14.0,130.0,0.1
896,0.5,1.0,0.0,43.97492764814931,5.0,25.0,0.1
897,0.5,1.0,0.0,99.09094898273644,7.0,44.0,0.1
898,0.5,1.0,0.0,372.7500241405857,35.0,174.0,0.1
899,0.5,1.0,0.0,155.9622183400607,10.0,75.0,0.1
900,0.5,1.0,0.0,65.42240423602749,6.0,26.0,0.1
901,0.5,1.0,0.0,90.34527573455316,6.0,44.0,0.1
902,0.5,1.0,0.0,182.0381409287187,17.0,95.0,0.1
903,0.5,1.0,0.0,47.30478689451514,4.0,20.0,0.1
904,0.5,1.0,0.0,273.13664653000524,24.0,146.0,0.1
905,0.5,1.0,0.0,61.28048821058058,5.0,37.0,0.1
906,0.5,1.0,0.0,203.2241309202045,14.0,120.0,0.1
907,0.5,1.0,0.0,354.8689929678072,26.0,194.0,0.1
908,0.5,1.0,0.0,95.64875593461892,4.0,49.0,0.1
909,0.5,1.0,0.0,142.08213006076372,10.0,76.0,0.1
910,0.5,1.0,0.0,52.94252176948722,5.0,24.0,0.1
911,0.5,1.0,0.0,701.0529159315984,44.0,379.0,0.1
912,0.5,1.0,0.0,295.43989168327363,29.0,139.0,0.1
913,0.5,1.0,0.0,218.8058223545029,15.0,109.0,0.1
914,0.5,1.0,0.0,50.12938876111922,4.0,28.0,0.1
915,0.5,1.0,0.0,215.1829311407673,18.0,93.0,0.1
916,0.5,1.0,0.0,34.399956587518446,4.0,20.0,0.1
917,0.5,1.0,0.0,109.95585713098448,9.0,55.0,0.1
918,0.5,1.0,0.0,169.63595897848438,7.0,116.0,0.1
919,0.5,1.0,0.0,400.1038678831599,32.0,201.0,0.1
920,0.5,1.0,0.0,87.9351555339705,6.0,42.0,0.1
921,0.5,1.0,0.0,223.8403071421416,18.0,116.0,0.1
922,0.5,1.0,0.0,157.94190969166982,16.0,83.0,0.1
923,0.5,1.0,0.0,83.98465318912133,5.0,32.0,0.1
924,0.5,1.0,0.0,102.58197503550184,8.0,64.0,0.1
925,0.5,1.0,0.0,74.39175965730561,7.0,34.0,0.1
926,0.5,1.0,0.0,120.87205914120928,10.0,61.0,0.1
927,0.5,1.0,0.0,194.81269668358283,14.0,94.0,0.1
928,0.5,1.0,0.0,119.00118030692153,6.0,59.0,0.1
929,0.5,1.0,0.0,73.24808243163348,8.0,37.0,0.1
930,0.5,1.0,0.0,83.75539344174814,5.0,38.0,0.1
931,0.5,1.0,0.0,128.4354562543403,11.0,76.0,0.1
932,0.5,1.0,0.0,280.54777840176547,26.0,128.0,0.1
933,0.5,1.0,0.0,127.3448039346406,11.0,72.0,0.1
934,0.5,1.0,0.0,113.1747471725994,5.0,59.0,0.1
935,0.5,1.0,0.0,113.74905641266524,7.0,56.0,0.1
936,0.5,1.0,0.0,126.35860382297514,6.0,59.0,0.1
937,0.5,1.0,0.0,192.51948592907908,16.0,84.0,0.1
938,0.5,1.0,0.0,270.9996312900984,16.0,142.0,0.1
939,0.5,1.0,0.0,249.84739954133985,12.0,133.0,0.1
940,0.5,1.0,0.0,61.32702440893903,4.0,27.0,0.1
941,0.5,1.0,0.0,283.83998580535285,19.0,130.0,0.1
942,0.5,1.0,0.0,335.85959678912985,20.0,175.0,0.1
943,0.5,1.0,0.0,201.637810028982,18.0,109.0,0.1
944,0.5,1.0,0.0,65.2615255905414,5.0,35.0,0.1
945,0.5,1.0,0.0,79.89745025908749,7.0,38.0,0.1
946,0.5,1.0,0.0,191.2312574497229,18.0,80.0,0.1
947,0.5,1.0,0.0,135.7906171435007,10.0,63.0,0.1
948,0.5,1.0,0.0,78.79421281376493,7.0,43.0,0.1
949,0.5,1.0,0.0,289.087756740611,24.0,142.0,0.1
950,0.5,1.0,0.0,99.99548715090116,11.0,44.0,0.1
951,0.5,1.0,0.0,51.90365270255013,6.0,21.0,0.1
952,0.5,1.0,0.0,130.65503041220822,9.0,64.0,0.1
953,0.5,1.0,0.0,126.85611486969351,10.0,68.0,0.1
954,0.5,1.0,0.0,95.55859214020684,4.0,36.0,0.1
955,0.5,1.0,0.0,180.1088376661731,13.0,92.0,0.1
956,0.5,1.0,0.0,156.37114252574946,15.0,92.0,0.1
957,0.5,1.0,0.0,118.95760687803492,9.0,66.0,0.1
958,0.5,1.0,0.0,415.05198693810166,30.0,226.0,0.1
959,0.5,1.0,0.0,200.37821754395827,14.0,88.0,0.1
960,0.5,1.0,0.0,34.21750813589611,5.0,21.0,0.1
961,0.5,1.0,0.0,62.0921939381929,7.0,29.0,0.1
962,0.5,1.0,0.0,656.3227397349282,43.0,341.0,0.1
963,0.5,1.0,0.0,506.27338306453566,39.0,253.0,0.1
964,0.5,1.0,0.0,281.03613344357854,22.0,142.0,0.1
965,0.5,1.0,0.0,77.50135899620648,4.0,32.0,0.1
966,0.5,1.0,0.0,34.99658182764375,4.0,14.0,0.1
967,0.5,1.0,0.0,127.98752188320849,7.0,64.0,0.1
968,0.5,1.0,0.0,480.51934563553885,34.0,248.0,0.1
969,0.5,1.0,0.0,174.44141477360287,18.0,104.0,0.1
970,0.5,1.0,0.0,52.18831436365213,3.0,29.0,0.1
971,0.5,1.0,0.0,237.5563945095984,21.0,113.0,0.1
972,0.5,1.0,0.0,230.73180323455077,20.0,115.0,0.1
973,0.5,1.0,0.0,175.70531514202423,13.0,91.0,0.1
974,0.5,1.0,0.0,203.30009402147869,11.0,108.0,0.1
975,0.5,1.0,0.0,125.61188478905802,9.0,73.0,0.1
976,0.5,1.0,0.0,50.308425213220815,3.0,20.0,0.1
977,0.5,1.0,0.0,169.7687420068675,18.0,89.0,0.1
978,0.5,1.0,0.0,36.67279397091994,4.0,16.0,0.1
979,0.5,1.0,0.0,52.61912682452096,4.0,17.0,0.1
980,0.5,1.0,0.0,34.55646346007813,4.0,15.0,0.1
981,0.5,1.0,0.0,199.49900778519373,12.0,96.0,0.1
982,0.5,1.0,0.0,433.99031970568063,34.0,217.0,0.1
983,0.5,1.0,0.0,106.6665614891756,16.0,56.0,0.1
984,0.5,1.0,0.0,208.34981707334688,19.0,95.0,0.1
985,0.5,1.0,0.0,98.15957132904288,7.0,55.0,0.1
986,0.5,1.0,0.0,159.93770848706924,15.0,74.0,0.1
987,0.5,1.0,0.0,66.51847512034149,5.0,28.0,0.1
988,0.5,1.0,0.0,192.02026689597545,16.0,81.0,0.1
989,0.5,1.0,0.0,129.20032666715207,11.0,66.0,0.1
990,0.5,1.0,0.0,94.0260018415697,5.0,44.0,0.1
991,0.5,1.0,0.0,358.48782581837816,35.0,163.0,0.1
992,0.5,1.0,0.0,196.5073730874849,22.0,91.0,0.1
993,0.5,1.0,0.0,87.87131009644287,6.0,46.0,0.1
994,0.5,1.0,0.0,63.38809688599431,4.0,33.0,0.1
995,0.5,1.0,0.0,112.57881331159108,7.0,54.0,0.1
996,0.5,1.0,0.0,214.23969110222663,15.0,108.0,0.1
997,0.5,1.0,0.0,115.99538243294111,4.0,60.0,0.1
998,0.5,1.0,0.0,113.13523275601104,10.0,59.0,0.1
999,0.5,1.0,0.0,248.21862141764103,20.0,138.0,0.1
1000,0.5,1.0,0.0,73.93237610051743,4.0,35.0,0.1
1001,0.5,1.0,0.0,68.49931605153435,6.0,28.0,0.1
1002,0.5,1.0,0.0,61.939181316620605,7.0,26.0,0.1
1003,0.5,1.0,0.0,141.73168755749114,12.0,55.0,0.1
1004,0.5,1.0,0.0,550.9442677474804,41.0,274.0,0.1
1005,0.5,1.0,0.0,173.00738998405092,10.0,86.0,0.1
1006,0.5,1.0,0.0,90.0665916478017,6.0,39.0,0.1
1007,0.5,1.0,0.0,153.51806587928675,19.0,76.0,0.1
1008,0.5,1.0,0.0,67.55150423909053,6.0,40.0,0.1
1009,0.5,1.0,0.0,44.33942156736107,5.0,22.0,0.1
1010,0.5,1.0,0.0,46.82461301937306,5.0,25.0,0.1
1011,0.5,1.0,0.0,80.35615914298195,8.0,40.0,0.1
1012,0.5,1.0,0.0,104.32432228970848,12.0,60.0,0.1
1013,0.5,1.0,0.0,182.1478953656164,15.0,80.0,0.1
1014,0.5,1.0,0.0,248.63161148447904,23.0,120.0,0.1
1015,0.5,1.0,0.0,82.70182131153186,4.0,42.0,0.1
1016,0.5,1.0,0.0,345.97404816126954,24.0,168.0,0.1
1017,0.5,1.0,0.0,103.31911759572309,4.0,47.0,0.1
1018,0.5,1.0,0.0,208.2048988102495,15.0,112.0,0.1
1019,0.5,1.0,0.0,84.3052918912998,6.0,45.0,0.1
1020,0.5,1.0,0.0,78.01562978895574,5.0,44.0,0.1
1021,0.5,1.0,0.0,258.362711621229,17.0,126.0,0.1
1022,0.5,1.0,0.0,16.933927611065712,2.0,4.0,0.1
1023,0.5,1.0,0.0,231.47456025865867,15.0,107.0,0.1
1024,0.5,1.0,0.0,73.28342555107713,5.0,27.0,0.1
1025,0.5,1.0,0.0,68.91245977250999,7.0,30.0,0.1
1026,0.5,1.0,0.0,17.756499067050537,2.0,2.0,0.1
1027,0.5,1.0,0.0,135.69944626817468,15.0,62.0,0.1
1028,0.5,1.0,0.0,419.7030234373827,26.0,217.0,0.1
1029,0.5,1.0,0.0,146.61200719211638,11.0,61.0,0.1
1030,0.5,1.0,0.0,76.09118629296455,1.0,30.0,0.1
1031,0.5,1.0,0.0,245.16467939391345,14.0,120.0,0.1
1032,0.5,1.0,0.0,113.28103394021784,6.0,53.0,0.1
1033,0.5,1.0,0.0,158.23061822366662,10.0,90.0,0.1
1034,0.5,1.0,0.0,60.37445523178465,5.0,23.0,0.1
1035,0.5,1.0,0.0,98.07697314766978,10.0,35.0,0.1
1036,0.5,1.0,0.0,79.32476932314762,4.0,38.0,0.1
1037,0.5,1.0,0.0,236.90361738250184,11.0,137.0,0.1
1038,0.5,1.0,0.0,190.13781837098367,15.0,87.0,0.1
1039,0.5,1.0,0.0,426.2723723818036,32.0,184.0,0.1
1040,0.5,1.0,0.0,470.9624594660648,45.0,248.0,0.1
1041,0.5,1.0,0.0,310.1019275980229,25.0,151.0,0.1
1042,0.5,1.0,0.0,110.89614233689136,8.0,47.0,0.1
1043,0.5,1.0,0.0,126.2046470348297,8.0,76.0,0.1
1044,0.5,1.0,0.0,152.2725996918497,15.0,76.0,0.1
1045,0.5,1.0,0.0,42.14239684472948,5.0,18.0,0.1
1046,0.5,1.0,0.0,141.20253867555738,12.0,82.0,0.1
1047,0.5,1.0,0.0,88.01693889050458,6.0,41.0,0.1
1048,0.5,1.0,0.0,96.0748495695812,6.0,51.0,0.1
1049,0.5,1.0,0.0,194.8235739362208,17.0,88.0,0.1
1050,0.5,1.0,0.0,103.81753067937336,6.0,64.0,0.1
1051,0.5,1.0,0.0,266.1815542138885,20.0,136.0,0.1
1052,0.5,1.0,0.0,63.38404274647744,3.0,28.0,0.1
1053,0.5,1.0,0.0,174.5644944780107,15.0,88.0,0.1
1054,0.5,1.0,0.0,157.4889641916237,12.0,78.0,0.1
1055,0.5,1.0,0.0,108.64742926040452,11.0,54.0,0.1
1056,0.5,1.0,0.0,54.20983441486865,5.0,23.0,0.1
1057,0.5,1.0,0.0,381.5017925607333,23.0,179.0,0.1
1058,0.5,1.0,0.0,138.4333791998151,10.0,65.0,0.1
1059,0.5,1.0,0.0,62.45467685245436,8.0,28.0,0.1
1060,0.5,1.0,0.0,92.3581555445095,10.0,59.0,0.1
1061,0.5,1.0,0.0,183.8585474146618,14.0,83.0,0.1
1062,0.5,1.0,0.0,72.2611105197893,10.0,30.0,0.1
1063,0.5,1.0,0.0,321.68482425486013,21.0,151.0,0.1
1064,0.5,1.0,0.0,53.73913249127731,4.0,23.0,0.1
1065,0.5,1.0,0.0,316.33016876749804,24.0,179.0,0.1
1066,0.5,1.0,0.0,159.9049103908821,11.0,84.0,0.1
1067,0.5,1.0,0.0,360.0335744754105,28.0,188.0,0.1
1068,0.5,1.0,0.0,50.24543891911122,2.0,18.0,0.1
1069,0.5,1.0,0.0,198.15000813185253,23.0,98.0,0.1
1070,0.5,1.0,0.0,228.57682508621417,16.0,129.0,0.1
1071,0.5,1.0,0.0,54.26707643956487,4.0,17.0,0.1
1072,0.5,1.0,0.0,42.186134091292494,3.0,18.0,0.1
1073,0.5,1.0,0.0,32.46471538961224,2.0,16.0,0.1
1074,0.5,1.0,0.0,31.46383943295281,4.0,20.0,0.1
1075,0.5,1.0,0.0,184.45416407121087,12.0,111.0,0.1
1076,0.5,1.0,0.0,90.22571203650988,6.0,41.0,0.1
1077,0.5,1.0,0.0,199.95710125578583,16.0,95.0,0.1
1078,0.5,1.0,0.0,103.76138277608034,8.0,59.0,0.1
1079,0.5,1.0,0.0,396.10466186162574,30.0,207.0,0.1
1080,0.5,1.0,0.0,150.0491071616456,9.0,64.0,0.1
1081,0.5,1.0,0.0,287.9004283477033,25.0,131.0,0.1
1082,0.5,1.0,0.0,511.911703844528,42.0,231.0,0.1
1083,0.5,1.0,0.0,135.6501721636697,9.0,68.0,0.1
1084,0.5,1.0,0.0,186.36281213561813,15.0,100.0,0.1
1085,0.5,1.0,0.0,185.3781127623548,14.0,98.0,0.1
1086,0.5,1.0,0.0,71.45542662871478,8.0,41.0,0.1
1087,0.5,1.0,0.0,103.54721381641068,9.0,45.0,0.1
1088,0.5,1.0,0.0,89.12975006382996,9.0,50.0,0.1
1089,0.5,1.0,0.0,120.59965918403717,5.0,62.0,0.1
1090,0.5,1.0,0.0,82.77292523647006,7.0,37.0,0.1
1091,0.5,1.0,0.0,174.65262024121483,16.0,91.0,0.1
1092,0.5,1.0,0.0,153.2227310803343,10.0,85.0,0.1
1093,0.5,1.0,0.0,128.87776667403438,15.0,59.0,0.1
1094,0.5,1.0,0.0,283.3930539149218,18.0,147.0,0.1
1095,0.5,1.0,0.0,81.54356401559279,5.0,39.0,0.1
1096,0.5,1.0,0.0,24.47771512927599,3.0,14.0,0.1
1097,0.5,1.0,0.0,487.8694512339669,31.0,251.0,0.1
1098,0.5,1.0,0.0,55.12786565868669,4.0,35.0,0.1
1099,0.5,1.0,0.0,69.71255100594057,6.0,28.0,0.1
1100,0.5,1.0,0.0,632.6161192873483,50.0,305.0,0.1
1101,0.5,1.0,0.0,107.98927584367225,13.0,44.0,0.1
1102,0.5,1.0,0.0,189.1225392927305,15.0,83.0,0.1
1103,0.5,1.0,0.0,100.65736116734789,10.0,59.0,0.1
1104,0.5,1.0,0.0,189.62615667068843,12.0,106.0,0.1
1105,0.5,1.0,0.0,307.2046014970286,24.0,140.0,0.1
1106,0.5,1.0,0.0,352.3282777895572,29.0,175.0,0.1
1107,0.5,1.0,0.0,174.24535080628058,14.0,81.0,0.1
1108,0.5,1.0,0.0,24.9884868310815,2.0,11.0,0.1
1109,0.5,1.0,0.0,61.3943862017412,6.0,21.0,0.1
1110,0.5,1.0,0.0,68.80929474490425,3.0,28.0,0.1
1111,0.5,1.0,0.0,34.8645821944571,3.0,20.0,0.1
1112,0.5,1.0,0.0,254.8306030320946,16.0,147.0,0.1
1113,0.5,1.0,0.0,54.11370151756216,7.0,31.0,0.1
1114,0.5,1.0,0.0,333.4643153190136,24.0,167.0,0.1
1115,0.5,1.0,0.0,293.6562320039123,24.0,131.0,0.1
1116,0.5,1.0,0.0,30.263217949010247,3.0,7.0,0.1
1117,0.5,1.0,0.0,460.9470847576654,34.0,221.0,0.1
1118,0.5,1.0,0.0,47.307832623251656,5.0,29.0,0.1
1119,0.5,1.0,0.0,264.48945484563654,22.0,159.0,0.1
1120,0.5,1.0,0.0,82.37962814057845,3.0,49.0,0.1
1121,0.5,1.0,0.0,38.17929271132458,3.0,17.0,0.1
1122,0.5,1.0,0.0,177.01739825680733,8.0,86.0,0.1
1123,0.5,1.0,0.0,81.71587447119909,5.0,31.0,0.1
1124,0.5,1.0,0.0,261.14496972992964,15.0,128.0,0.1
1125,0.5,1.0,0.0,493.8692238882715,27.0,262.0,0.1
1126,0.5,1.0,0.0,517.6740381437486,42.0,279.0,0.1
1127,0.5,1.0,0.0,18.907605657985695,3.0,6.0,0.1
1128,0.5,1.0,0.0,91.59062420801943,10.0,48.0,0.1
1129,0.5,1.0,0.0,299.33532720264606,23.0,144.0,0.1
1130,0.5,1.0,0.0,739.9980746148549,47.0,369.0,0.1
1131,0.5,1.0,0.0,91.62967931681138,8.0,49.0,0.1
1132,0.5,1.0,0.0,212.71696605601036,18.0,87.0,0.1
1133,0.5,1.0,0.0,382.2447721445236,29.0,198.0,0.1
1134,0.5,1.0,0.0,530.1917839796082,40.0,285.0,0.1
1135,0.5,1.0,0.0,470.17335951208617,33.0,237.0,0.1
1136,0.5,1.0,0.0,357.46208247323915,36.0,166.0,0.1
1137,0.5,1.0,0.0,58.76008561726228,3.0,29.0,0.1
1138,0.5,1.0,0.0,138.13977383374626,10.0,63.0,0.1
1139,0.5,1.0,0.0,113.80117756282796,6.0,51.0,0.1
1140,0.5,1.0,0.0,70.64956343985055,8.0,30.0,0.1
1141,0.5,1.0,0.0,177.30033586920342,15.0,93.0,0.1
1142,0.5,1.0,0.0,174.1897611963982,15.0,73.0,0.1
1143,0.5,1.0,0.0,46.71657956405703,6.0,20.0,0.1
1144,0.5,1.0,0.0,300.587760797073,24.0,158.0,0.1
1145,0.5,1.0,0.0,229.48926610675744,21.0,114.0,0.1
1146,0.5,1.0,0.0,286.2178538159895,20.0,132.0,0.1
1147,0.5,1.0,0.0,58.32830453388944,7.0,32.0,0.1
1148,0.5,1.0,0.0,30.96647060717845,3.0,11.0,0.1
1149,0.5,1.0,0.0,202.9779202052383,16.0,108.0,0.1
1150,0.5,1.0,0.0,138.11110536821408,10.0,62.0,0.1
1151,0.5,1.0,0.0,39.67817096962979,3.0,20.0,0.1
1152,0.5,1.0,0.0,218.2950600539861,16.0,115.0,0.1
1153,0.5,1.0,0.0,30.299171169933786,3.0,20.0,0.1
1154,0.5,1.0,0.0,38.38011358645486,1.0,15.0,0.1
1155,0.5,1.0,0.0,123.7265138848571,9.0,70.0,0.1
1156,0.5,1.0,0.0,68.38686519345958,9.0,38.0,0.1
1157,0.5,1.0,0.0,213.08010685990465,20.0,112.0,0.1
1158,0.5,1.0,0.0,101.91854023159809,8.0,39.0,0.1
1159,0.5,1.0,0.0,100.43101596908484,9.0,42.0,0.1
1160,0.5,1.0,0.0,127.37132856480858,10.0,76.0,0.1
1161,0.5,1.0,0.0,139.4566946050127,9.0,78.0,0.1
1162,0.5,1.0,0.0,205.9347780215888,20.0,82.0,0.1
1163,0.5,1.0,0.0,36.577388996364505,3.0,24.0,0.1
1164,0.5,1.0,0.0,124.31144567032136,10.0,62.0,0.1
1165,0.5,1.0,0.0,403.1054737895577,27.0,182.0,0.1
1166,0.5,1.0,0.0,132.29806248623493,15.0,68.0,0.1
1167,0.5,1.0,0.0,131.92409177820318,9.0,75.0,0.1
1168,0.5,1.0,0.0,518.2493787834169,46.0,247.0,0.1
1169,0.5,1.0,0.0,81.42084591393763,4.0,32.0,0.1
1170,0.5,1.0,0.0,79.12767617524639,5.0,34.0,0.1
1171,0.5,1.0,0.0,53.97428031546588,6.0,38.0,0.1
1172,0.5,1.0,0.0,58.06561274068888,7.0,26.0,0.1
1173,0.5,1.0,0.0,228.3820988967688,18.0,108.0,0.1
1174,0.5,1.0,0.0,123.43935719909544,12.0,61.0,0.1
1175,0.5,1.0,0.0,820.4218941726857,63.0,397.0,0.1
1176,0.5,1.0,0.0,341.4598038486398,31.0,171.0,0.1
1177,0.5,1.0,0.0,44.95046028204085,6.0,23.0,0.1
1178,0.5,1.0,0.0,174.82195418515775,15.0,83.0,0.1
1179,0.5,1.0,0.0,137.97212672416728,11.0,62.0,0.1
1180,0.5,1.0,0.0,52.4534916105633,7.0,34.0,0.1
1181,0.5,1.0,0.0,390.6351100368353,28.0,214.0,0.1
1182,0.5,1.0,0.0,188.03821821577395,14.0,97.0,0.1
1183,0.5,1.0,0.0,337.3688407749496,26.0,167.0,0.1
1184,0.5,1.0,0.0,143.5995225200933,9.0,60.0,0.1
1185,0.5,1.0,0.0,692.3144396160217,53.0,334.0,0.1
1186,0.5,1.0,0.0,286.0149799290622,21.0,165.0,0.1
1187,0.5,1.0,0.0,117.25178297369828,8.0,46.0,0.1
1188,0.5,1.0,0.0,44.02608884506761,4.0,22.0,0.1
1189,0.5,1.0,0.0,320.1177123307797,26.0,156.0,0.1
1190,0.5,1.0,0.0,160.31990632750268,14.0,75.0,0.1
1191,0.5,1.0,0.0,69.87416051856533,7.0,33.0,0.1
1192,0.5,1.0,0.0,65.79581379203967,3.0,42.0,0.1
1193,0.5,1.0,0.0,120.22218332737812,14.0,45.0,0.1
1194,0.5,1.0,0.0,80.6391483336015,4.0,40.0,0.1
1195,0.5,1.0,0.0,45.96199709274133,4.0,27.0,0.1
1196,0.5,1.0,0.0,151.75798089608955,11.0,76.0,0.1
1197,0.5,1.0,0.0,215.6941788974044,15.0,115.0,0.1
1198,0.5,1.0,0.0,67.76232501712728,6.0,35.0,0.1
1199,0.5,1.0,0.0,292.0028176090325,25.0,142.0,0.1
1200,0.5,1.0,0.0,66.77925736943949,4.0,43.0,0.1
1201,0.5,1.0,0.0,202.4991363713657,13.0,90.0,0.1
1202,0.5,1.0,0.0,196.93868233176707,15.0,104.0,0.1
1203,0.5,1.0,0.0,173.32765318009643,18.0,82.0,0.1
1204,0.5,1.0,0.0,51.67968054574796,4.0,31.0,0.1
1205,0.5,1.0,0.0,191.17902095524897,12.0,101.0,0.1
1206,0.5,1.0,0.0,455.25453785212255,34.0,228.0,0.1
1207,0.5,1.0,0.0,54.74524742157024,6.0,25.0,0.1
1208,0.5,1.0,0.0,266.7859961594972,18.0,130.0,0.1
1209,0.5,1.0,0.0,355.91538798442525,25.0,160.0,0.1
1210,0.5,1.0,0.0,82.78499760840853,9.0,45.0,0.1
1211,0.5,1.0,0.0,207.4977694144391,18.0,91.0,0.1
1212,0.5,1.0,0.0,349.5785890172619,24.0,192.0,0.1
1213,0.5,1.0,0.0,86.27806527790304,7.0,45.0,0.1
1214,0.5,1.0,0.0,84.50918269800944,8.0,38.0,0.1
1215,0.5,1.0,0.0,262.95626326244536,20.0,153.0,0.1
1216,0.5,1.0,0.0,51.66870326511867,3.0,26.0,0.1
1217,0.5,1.0,0.0,189.4657217631709,17.0,107.0,0.1
1218,0.5,1.0,0.0,153.88332703585922,10.0,86.0,0.1
1219,0.5,1.0,0.0,260.03263895075304,19.0,141.0,0.1
1220,0.5,1.0,0.0,120.35783319463222,9.0,61.0,0.1
1221,0.5,1.0,0.0,171.03252286969,13.0,82.0,0.1
1222,0.5,1.0,0.0,291.8868337186857,27.0,131.0,0.1
1223,0.5,1.0,0.0,907.2755201503368,66.0,456.0,0.1
1224,0.5,1.0,0.0,177.49861935731224,13.0,84.0,0.1
1225,0.5,1.0,0.0,87.40180078960388,8.0,36.0,0.1
1226,0.5,1.0,0.0,67.07166995764898,5.0,33.0,0.1
1227,0.5,1.0,0.0,92.70990308358476,12.0,46.0,0.1
1228,0.5,1.0,0.0,147.49225093846212,8.0,72.0,0.1
1229,0.5,1.0,0.0,62.6882072221761,4.0,27.0,0.1
1230,0.5,1.0,0.0,286.653752318448,20.0,148.0,0.1
1231,0.5,1.0,0.0,141.8833498538055,13.0,77.0,0.1
1232,0.5,1.0,0.0,30.328008623668307,4.0,10.0,0.1
1233,0.5,1.0,0.0,290.25319780895245,25.0,120.0,0.1
1234,0.5,1.0,0.0,114.1246441740351,10.0,60.0,0.1
1235,0.5,1.0,0.0,145.46303722638115,13.0,80.0,0.1
1236,0.5,1.0,0.0,112.60175564194635,6.0,44.0,0.1
1237,0.5,1.0,0.0,176.2398973086118,16.0,90.0,0.1
1238,0.5,1.0,0.0,553.4859008425486,45.0,284.0,0.1
1239,0.5,1.0,0.0,119.4506978752462,9.0,61.0,0.1
1240,0.5,1.0,0.0,341.29676192264736,18.0,187.0,0.1
1241,0.5,1.0,0.0,74.1032719447628,9.0,32.0,0.1
1242,0.5,1.0,0.0,16.283181676001888,4.0,8.0,0.1
1243,0.5,1.0,0.0,404.1646191961628,31.0,201.0,0.1
1244,0.5,1.0,0.0,46.547462350637424,4.0,33.0,0.1
1245,0.5,1.0,0.0,66.00093792863258,5.0,32.0,0.1
1246,0.5,1.0,0.0,43.51081990068923,4.0,22.0,0.1
1247,0.5,1.0,0.0,118.7682230261888,7.0,68.0,0.1
1248,0.5,1.0,0.0,92.54461215530978,6.0,42.0,0.1
1249,0.5,1.0,0.0,79.39062512070606,5.0,35.0,0.1
1250,0.5,1.0,0.0,293.99623780861674,25.0,151.0,0.1
1251,0.5,1.0,0.0,90.82415236771158,7.0,55.0,0.1
1252,0.5,1.0,0.0,36.32620460972293,2.0,17.0,0.1
1253,0.5,1.0,0.0,72.51366714195301,6.0,36.0,0.1
1254,0.5,1.0,0.0,290.61948627732284,16.0,138.0,0.1
1255,0.5,1.0,0.0,249.6402604819713,17.0,119.0,0.1
1256,0.5,1.0,0.0,43.097472822129966,4.0,19.0,0.1
1257,0.5,1.0,0.0,49.48241866858192,6.0,18.0,0.1
1258,0.5,1.0,0.0,33.21146758703241,3.0,11.0,0.1
1259,0.5,1.0,0.0,79.78577618766668,7.0,38.0,0.1
1260,0.5,1.0,0.0,143.5506663720407,10.0,87.0,0.1
1261,0.5,1.0,0.0,159.16402640421947,15.0,80.0,0.1
1262,0.5,1.0,0.0,80.99279306091405,8.0,41.0,0.1
1263,0.5,1.0,0.0,298.12288886282823,16.0,161.0,0.1
1264,0.5,1.0,0.0,153.20285256655114,10.0,84.0,0.1
1265,0.5,1.0,0.0,206.46874579734015,14.0,93.0,0.1
1266,0.5,1.0,0.0,150.84787395878448,13.0,72.0,0.1
1267,0.5,1.0,0.0,425.7830493630561,30.0,223.0,0.1
1268,0.5,1.0,0.0,33.284442085716464,3.0,24.0,0.1
1269,0.5,1.0,0.0,328.71697702857955,23.0,148.0,0.1
1270,0.5,1.0,0.0,175.0614900562145,16.0,77.0,0.1
1271,0.5,1.0,0.0,400.3419751284672,39.0,212.0,0.1
1272,0.5,1.0,0.0,103.37065979860763,8.0,40.0,0.1
1273,0.5,1.0,0.0,107.72796581814856,5.0,66.0,0.1
1274,0.5,1.0,0.0,86.45466563093191,10.0,42.0,0.1
1275,0.5,1.0,0.0,252.6482980533889,21.0,115.0,0.1
1276,0.5,1.0,0.0,95.75004991593894,8.0,43.0,0.1
1277,0.5,1.0,0.0,216.2785497195279,21.0,103.0,0.1
1278,0.5,1.0,0.0,73.93927099014014,3.0,32.0,0.1
1279,0.5,1.0,0.0,132.88338438207666,8.0,77.0,0.1
1280,0.5,1.0,0.0,31.86307698116412,2.0,8.0,0.1
1281,0.5,1.0,0.0,54.85610451319116,7.0,27.0,0.1
1282,0.5,1.0,0.0,181.4006410215396,14.0,74.0,0.1
1283,0.5,1.0,0.0,111.29951642232732,5.0,69.0,0.1
1284,0.5,1.0,0.0,100.15394662979558,11.0,42.0,0.1
1285,0.5,1.0,0.0,34.13562287584095,4.0,19.0,0.1
1286,0.5,1.0,0.0,51.94526827015071,4.0,30.0,0.1
1287,0.5,1.0,0.0,161.19407400642976,10.0,72.0,0.1
1288,0.5,1.0,0.0,160.7596127767749,7.0,86.0,0.1
1289,0.5,1.0,0.0,79.42682811219137,6.0,34.0,0.1
1290,0.5,1.0,0.0,138.29331624852685,8.0,58.0,0.1
1291,0.5,1.0,0.0,169.29140989045362,12.0,86.0,0.1
1292,0.5,1.0,0.0,347.07162052142195,26.0,190.0,0.1
1293,0.5,1.0,0.0,35.06511427027068,4.0,15.0,0.1
1294,0.5,1.0,0.0,49.348419769593455,3.0,19.0,0.1
1295,0.5,1.0,0.0,79.69299099947428,5.0,32.0,0.1
1296,0.5,1.0,0.0,103.41260162553644,3.0,49.0,0.1
1297,0.5,1.0,0.0,59.773841518905954,3.0,21.0,0.1
1298,0.5,1.0,0.0,59.4325656917128,5.0,33.0,0.1
1299,0.5,1.0,0.0,935.520810836614,69.0,468.0,0.1
1300,0.5,1.0,0.0,207.93012091138056,16.0,105.0,0.1
1301,0.5,1.0,0.0,169.2686300590239,13.0,81.0,0.1
1302,0.5,1.0,0.0,286.7986587687912,19.0,135.0,0.1
1303,0.5,1.0,0.0,103.30602726097692,12.0,51.0,0.1
1304,0.5,1.0,0.0,61.155385553036005,6.0,30.0,0.1
1305,0.5,1.0,0.0,30.62661862474956,3.0,17.0,0.1
1306,0.5,1.0,0.0,248.1452458094807,19.0,108.0,0.1
1307,0.5,1.0,0.0,128.2454316595076,11.0,54.0,0.1
1308,0.5,1.0,0.0,325.169949892594,23.0,177.0,0.1
1309,0.5,1.0,0.0,157.19762121459146,11.0,59.0,0.1
1310,0.5,1.0,0.0,203.7226647048832,25.0,115.0,0.1
1311,0.5,1.0,0.0,175.39384578789463,15.0,90.0,0.1
1312,0.5,1.0,0.0,26.125049146564788,1.0,8.0,0.1
1313,0.5,1.0,0.0,122.14680933151988,6.0,59.0,0.1
1314,0.5,1.0,0.0,249.6937604230563,20.0,126.0,0.1
1315,0.5,1.0,0.0,222.77696649387423,14.0,108.0,0.1
1316,0.5,1.0,0.0,101.32037498006116,5.0,49.0,0.1
1317,0.5,1.0,0.0,88.13244455685016,7.0,41.0,0.1
1318,0.5,1.0,0.0,218.0318674465351,21.0,100.0,0.1
1319,0.5,1.0,0.0,71.58743028303735,8.0,42.0,0.1
1320,0.5,1.0,0.0,84.8250911836733,6.0,47.0,0.1
1321,0.5,1.0,0.0,302.288778743461,22.0,164.0,0.1
1322,0.5,1.0,0.0,85.9844552936528,8.0,53.0,0.1
1323,0.5,1.0,0.0,206.18997236377533,16.0,120.0,0.1
1324,0.5,1.0,0.0,96.612093415599,10.0,53.0,0.1
1325,0.5,1.0,0.0,99.57408288703336,7.0,47.0,0.1
1326,0.5,1.0,0.0,45.01085646492286,4.0,16.0,0.1
1327,0.5,1.0,0.0,308.8670427170553,20.0,167.0,0.1
1328,0.5,1.0,0.0,29.308667445745822,3.0,18.0,0.1
1329,0.5,1.0,0.0,155.40334403384188,16.0,73.0,0.1
1330,0.5,1.0,0.0,260.1175860843672,16.0,129.0,0.1
1331,0.5,1.0,0.0,33.980079707681234,3.0,11.0,0.1
1332,0.5,1.0,0.0,42.82252171397956,6.0,14.0,0.1
1333,0.5,1.0,0.0,111.63500051686847,7.0,50.0,0.1
1334,0.5,1.0,0.0,32.21037038534112,4.0,15.0,0.1
1335,0.5,1.0,0.0,334.01195870873414,26.0,176.0,0.1
1336,0.5,1.0,0.0,82.71782281294985,9.0,56.0,0.1
1337,0.5,1.0,0.0,131.4365321901033,10.0,80.0,0.1
1338,0.5,1.0,0.0,498.45415395015937,34.0,230.0,0.1
1339,0.5,1.0,0.0,227.15144398610644,17.0,133.0,0.1
1340,0.5,1.0,0.0,105.94867190503986,13.0,51.0,0.1
1341,0.5,1.0,0.0,551.1004972589357,35.0,284.0,0.1
1342,0.5,1.0,0.0,248.029638798915,14.0,139.0,0.1
1343,0.5,1.0,0.0,555.4628880812883,47.0,276.0,0.1
1344,0.5,1.0,0.0,40.56044341115602,6.0,15.0,0.1
1345,0.5,1.0,0.0,304.7630829962269,23.0,152.0,0.1
1346,0.5,1.0,0.0,285.30112506353464,27.0,129.0,0.1
1347,0.5,1.0,0.0,37.284253955012346,3.0,19.0,0.1
1348,0.5,1.0,0.0,446.10307941462287,30.0,237.0,0.1
1349,0.5,1.0,0.0,148.25559730337818,12.0,80.0,0.1
1350,0.5,1.0,0.0,337.5363167315873,18.0,178.0,0.1
1351,0.5,1.0,0.0,97.4274461232272,8.0,39.0,0.1
1352,0.5,1.0,0.0,211.83944008162703,13.0,115.0,0.1
1353,0.5,1.0,0.0,58.68087913887278,6.0,34.0,0.1
1354,0.5,1.0,0.0,67.92473162878105,5.0,31.0,0.1
1355,0.5,1.0,0.0,116.3161330869264,8.0,58.0,0.1
1356,0.5,1.0,0.0,56.686756167572725,4.0,31.0,0.1
1357,0.5,1.0,0.0,57.12237510687109,6.0,29.0,0.1
1358,0.5,1.0,0.0,110.25733360613744,6.0,58.0,0.1
1359,0.5,1.0,0.0,303.79100498152883,25.0,171.0,0.1
1360,0.5,1.0,0.0,250.9941217279586,16.0,118.0,0.1
1361,0.5,1.0,0.0,49.6740303992688,7.0,19.0,0.1
1362,0.5,1.0,0.0,139.92000785242212,7.0,71.0,0.1
1363,0.5,1.0,0.0,206.91177086505223,16.0,101.0,0.1
1364,0.5,1.0,0.0,88.2937114103918,6.0,47.0,0.1
1365,0.5,1.0,0.0,273.5259658348653,17.0,140.0,0.1
1366,0.5,1.0,0.0,122.7849420254596,7.0,69.0,0.1
1367,0.5,1.0,0.0,173.07186545789037,20.0,95.0,0.1
1368,0.5,1.0,0.0,515.7353707989728,40.0,258.0,0.1
1369,0.5,1.0,0.0,608.0496383396708,47.0,290.0,0.1
1370,0.5,1.0,0.0,119.52666370903334,14.0,65.0,0.1
1371,0.5,1.0,0.0,228.30015784462432,15.0,108.0,0.1
1372,0.5,1.0,0.0,65.44226098076507,8.0,29.0,0.1
1373,0.5,1.0,0.0,558.3969645452238,45.0,276.0,0.1
1374,0.5,1.0,0.0,87.38263936229063,6.0,41.0,0.1
1375,0.5,1.0,0.0,144.9710816548403,8.0,63.0,0.1
1376,0.5,1.0,0.0,105.13606634147456,10.0,49.0,0.1
1377,0.5,1.0,0.0,349.2834760658722,26.0,184.0,0.1
1378,0.5,1.0,0.0,67.26706513114843,6.0,35.0,0.1
1379,0.5,1.0,0.0,112.0009169822495,9.0,43.0,0.1
1380,0.5,1.0,0.0,200.2640092505753,20.0,86.0,0.1
1381,0.5,1.0,0.0,227.8202609613781,18.0,118.0,0.1
1382,0.5,1.0,0.0,318.8633081152811,23.0,155.0,0.1
1383,0.5,1.0,0.0,98.5422555545293,8.0,48.0,0.1
1384,0.5,1.0,0.0,84.11434941726766,12.0,44.0,0.1
1385,0.5,1.0,0.0,123.6157652052442,7.0,61.0,0.1
1386,0.5,1.0,0.0,398.161909681645,27.0,221.0,0.1
1387,0.5,1.0,0.0,338.8710821303246,23.0,170.0,0.1
1388,0.5,1.0,0.0,157.97303975840268,11.0,94.0,0.1
1389,0.5,1.0,0.0,151.17010333549285,15.0,76.0,0.1
1390,0.5,1.0,0.0,70.4340227532926,8.0,31.0,0.1
1391,0.5,1.0,0.0,491.3981575102459,40.0,240.0,0.1
1392,0.5,1.0,0.0,106.10703061517609,8.0,41.0,0.1
1393,0.5,1.0,0.0,378.23339471947816,30.0,207.0,0.1
1394,0.5,1.0,0.0,234.94431832543057,18.0,119.0,0.1
1395,0.5,1.0,0.0,52.24866464655764,4.0,36.0,0.1
1396,0.5,1.0,0.0,47.19391906077424,4.0,26.0,0.1
1397,0.5,1.0,0.0,327.0480861562356,29.0,157.0,0.1
1398,0.5,1.0,0.0,122.26753025780846,10.0,55.0,0.1
1399,0.5,1.0,0.0,168.39420938072226,14.0,85.0,0.1
1400,0.5,1.0,0.0,552.8141696907763,36.0,273.0,0.1
1401,0.5,1.0,0.0,48.2546754047611,4.0,31.0,0.1
1402,0.5,1.0,0.0,30.74775383863268,3.0,14.0,0.1
1403,0.5,1.0,0.0,74.34224145945848,5.0,43.0,0.1
1404,0.5,1.0,0.0,297.79031166266867,24.0,132.0,0.1
1405,0.5,1.0,0.0,274.045656456947,23.0,130.0,0.1
1406,0.5,1.0,0.0,178.63410778970592,16.0,70.0,0.1
1407,0.5,1.0,0.0,286.5476451028233,24.0,117.0,0.1
1408,0.5,1.0,0.0,53.23960397032546,6.0,26.0,0.1
1409,0.5,1.0,0.0,30.72032289920702,3.0,12.0,0.1
1410,0.5,1.0,0.0,89.18846717382607,6.0,42.0,0.1
1411,0.5,1.0,0.0,230.8179016552316,19.0,118.0,0.1
1412,0.5,1.0,0.0,372.9513039983341,25.0,209.0,0.1
1413,0.5,1.0,0.0,187.2835578250493,13.0,106.0,0.1
1414,0.5,1.0,0.0,132.77792332792413,11.0,65.0,0.1
1415,0.5,1.0,0.0,400.4848591349999,30.0,194.0,0.1
1416,0.5,1.0,0.0,404.6377042865213,32.0,208.0,0.1
1417,0.5,1.0,0.0,84.06785097708473,8.0,31.0,0.1
1418,0.5,1.0,0.0,106.60379079862584,11.0,32.0,0.1
1419,0.5,1.0,0.0,238.83802357841665,17.0,126.0,0.1
1420,0.5,1.0,0.0,305.43553184300634,24.0,152.0,0.1
1421,0.5,1.0,0.0,53.66998314007158,3.0,24.0,0.1
1422,0.5,1.0,0.0,151.18951004087472,9.0,57.0,0.1
1423,0.5,1.0,0.0,416.2031909570432,31.0,218.0,0.1
1424,0.5,1.0,0.0,70.91691005328694,6.0,33.0,0.1
1425,0.5,1.0,0.0,173.9449804055354,15.0,80.0,0.1
1426,0.5,1.0,0.0,58.555643089248406,4.0,35.0,0.1
1427,0.5,1.0,0.0,226.91874247732707,18.0,103.0,0.1
1428,0.5,1.0,0.0,157.7302502405833,16.0,70.0,0.1
1429,0.5,1.0,0.0,318.90365502837227,23.0,175.0,0.1
1430,0.5,1.0,0.0,184.73471452377208,16.0,90.0,0.1
1431,0.5,1.0,0.0,124.59511594751808,6.0,63.0,0.1
1432,0.5,1.0,0.0,229.594772222702,24.0,94.0,0.1
1433,0.5,1.0,0.0,131.0363485238625,11.0,76.0,0.1
1434,0.5,1.0,0.0,422.2741452586925,33.0,224.0,0.1
1435,0.5,1.0,0.0,141.01105894196203,9.0,72.0,0.1
1436,0.5,1.0,0.0,305.0127165791332,23.0,157.0,0.1
1437,0.5,1.0,0.0,161.73808648124782,13.0,74.0,0.1
1438,0.5,1.0,0.0,166.41327386079263,13.0,77.0,0.1
1439,0.5,1.0,0.0,849.8450323983226,72.0,393.0,0.1
1440,0.5,1.0,0.0,705.9803902300581,58.0,384.0,0.1
1441,0.5,1.0,0.0,62.92598815349882,5.0,35.0,0.1
1442,0.5,1.0,0.0,522.4623729405101,34.0,265.0,0.1
1443,0.5,1.0,0.0,149.15872675467156,10.0,79.0,0.1
1444,0.5,1.0,0.0,160.90503165959854,12.0,86.0,0.1
1445,0.5,1.0,0.0,353.77399507195565,28.0,155.0,0.1
1446,0.5,1.0,0.0,234.9310397243691,14.0,129.0,0.1
1447,0.5,1.0,0.0,352.5851479804057,27.0,181.0,0.1
1448,0.5,1.0,0.0,63.992361229403066,5.0,35.0,0.1
1449,0.5,1.0,0.0,34.98822330984846,5.0,12.0,0.1
1450,0.5,1.0,0.0,53.59444386769516,7.0,21.0,0.1
1451,0.5,1.0,0.0,18.40158735520049,2.0,6.0,0.1
1452,0.5,1.0,0.0,318.87880622400775,22.0,201.0,0.1
1453,0.5,1.0,0.0,132.60280522395706,11.0,66.0,0.1
1454,0.5,1.0,0.0,94.91174771696716,9.0,56.0,0.1
1455,0.5,1.0,0.0,371.8071651613075,31.0,178.0,0.1
1456,0.5,1.0,0.0,741.7743676632782,52.0,371.0,0.1
1457,0.5,1.0,0.0,122.79410983977444,14.0,53.0,0.1
1458,0.5,1.0,0.0,440.6933635835252,24.0,229.0,0.1
1459,0.5,1.0,0.0,147.7266356334963,18.0,63.0,0.1
1460,0.5,1.0,0.0,60.586036199051705,5.0,39.0,0.1
1461,0.5,1.0,0.0,38.92767284382924,4.0,15.0,0.1
1462,0.5,1.0,0.0,61.407802126782045,8.0,36.0,0.1
1463,0.5,1.0,0.0,93.17476953345,9.0,42.0,0.1
1464,0.5,1.0,0.0,261.92733217846853,22.0,115.0,0.1
1465,0.5,1.0,0.0,79.64748114132864,9.0,45.0,0.1
1466,0.5,1.0,0.0,368.31551561313233,29.0,184.0,0.1
1467,0.5,1.0,0.0,63.81226209219851,4.0,40.0,0.1
1468,0.5,1.0,0.0,227.504541541838,11.0,127.0,0.1
1469,0.5,1.0,0.0,72.49191637847585,7.0,29.0,0.1
1470,0.5,1.0,0.0,37.38245444268816,4.0,19.0,0.1
1471,0.5,1.0,0.0,82.9829045702124,7.0,55.0,0.1
1472,0.5,1.0,0.0,117.42271330009592,8.0,54.0,0.1
1473,0.5,1.0,0.0,183.25033642485863,15.0,87.0,0.1
1474,0.5,1.0,0.0,246.84204228163156,13.0,127.0,0.1
1475,0.5,1.0,0.0,235.4553862000249,12.0,125.0,0.1
1476,0.5,1.0,0.0,345.91186094079063,23.0,170.0,0.1
1477,0.5,1.0,0.0,196.8701276950409,14.0,86.0,0.1
1478,0.5,1.0,0.0,352.50688481834214,23.0,175.0,0.1
1479,0.5,1.0,0.0,627.8694703172101,47.0,306.0,0.1
1480,0.5,1.0,0.0,194.84652108462768,11.0,134.0,0.1
1481,0.5,1.0,0.0,311.6691292431309,27.0,189.0,0.1
1482,0.5,1.0,0.0,191.99108643905416,14.0,99.0,0.1
1483,0.5,1.0,0.0,195.2336590568455,15.0,92.0,0.1
1484,0.5,1.0,0.0,306.0952159616973,22.0,164.0,0.1
1485,0.5,1.0,0.0,194.13450671427128,12.0,98.0,0.1
1486,0.5,1.0,0.0,110.17541933080624,6.0,47.0,0.1
1487,0.5,1.0,0.0,29.164229380344317,4.0,14.0,0.1
1488,0.5,1.0,0.0,161.72838556934073,11.0,79.0,0.1
1489,0.5,1.0,0.0,224.77242033016287,15.0,110.0,0.1
1490,0.5,1.0,0.0,245.42863504332297,11.0,132.0,0.1
1491,0.5,1.0,0.0,231.1702567329324,16.0,133.0,0.1
1492,0.5,1.0,0.0,70.08575614124061,6.0,32.0,0.1
1493,0.5,1.0,0.0,148.4171766171681,17.0,72.0,0.1
1494,0.5,1.0,0.0,420.61510542551287,28.0,229.0,0.1
1495,0.5,1.0,0.0,67.16530856242149,2.0,24.0,0.1
1496,0.5,1.0,0.0,132.58846110927828,8.0,80.0,0.1
1497,0.5,1.0,0.0,148.26876183294937,10.0,80.0,0.1
1498,0.5,1.0,0.0,190.8036219664703,14.0,95.0,0.1
1499,0.5,1.0,0.0,384.9812893736101,25.0,224.0,0.1
1500,0.5,1.0,0.0,81.17413773066144,4.0,47.0,0.1
1501,0.5,1.0,0.0,35.12059866519702,3.0,13.0,0.1
1502,0.5,1.0,0.0,95.27166815316338,10.0,42.0,0.1
1503,0.5,1.0,0.0,253.6254574842416,22.0,117.0,0.1
1504,0.5,1.0,0.0,165.72948369687646,9.0,80.0,0.1
1505,0.5,1.0,0.0,119.45632282440036,9.0,48.0,0.1
1506,0.5,1.0,0.0,450.1348528701027,28.0,261.0,0.1
1507,0.5,1.0,0.0,283.3371189161357,24.0,148.0,0.1
1508,0.5,1.0,0.0,53.88542866267564,4.0,20.0,0.1
1509,0.5,1.0,0.0,574.195835262546,48.0,315.0,0.1
1510,0.5,1.0,0.0,627.3484693440298,46.0,289.0,0.1
1511,0.5,1.0,0.0,204.77423919992643,17.0,115.0,0.1
1512,0.5,1.0,0.0,242.30644286264783,17.0,147.0,0.1
1513,0.5,1.0,0.0,403.74054579038034,31.0,210.0,0.1
1514,0.5,1.0,0.0,78.47082177964741,8.0,33.0,0.1
1515,0.5,1.0,0.0,243.4552070643673,22.0,132.0,0.1
1516,0.5,1.0,0.0,100.61080137119384,5.0,47.0,0.1
1517,0.5,1.0,0.0,96.38972388543807,7.0,42.0,0.1
1518,0.5,1.0,0.0,161.37482962841102,10.0,89.0,0.1
1519,0.5,1.0,0.0,419.5855716613557,28.0,211.0,0.1
1520,0.5,1.0,0.0,581.2107555912173,46.0,307.0,0.1
1521,0.5,1.0,0.0,130.18746067944434,12.0,60.0,0.1
1522,0.5,1.0,0.0,62.43104464251276,7.0,40.0,0.1
1523,0.5,1.0,0.0,218.19143528927864,17.0,106.0,0.1
1524,0.5,1.0,0.0,150.92903848792642,13.0,77.0,0.1
1525,0.5,1.0,0.0,818.755522759839,64.0,391.0,0.1
1526,0.5,1.0,0.0,192.8077504302505,10.0,101.0,0.1
1527,0.5,1.0,0.0,138.7499905289402,8.0,79.0,0.1
1528,0.5,1.0,0.0,76.49635867177507,6.0,36.0,0.1
1529,0.5,1.0,0.0,58.05155390071876,4.0,34.0,0.1
1530,0.5,1.0,0.0,62.44713866336285,4.0,40.0,0.1
1531,0.5,1.0,0.0,146.32608484037226,8.0,73.0,0.1
1532,0.5,1.0,0.0,176.42196837742534,8.0,103.0,0.1
1533,0.5,1.0,0.0,36.19880840800785,4.0,18.0,0.1
1534,0.5,1.0,0.0,523.837101698967,37.0,259.0,0.1
1535,0.5,1.0,0.0,113.75177528815516,11.0,55.0,0.1
1536,0.5,1.0,0.0,46.344078531368005,4.0,21.0,0.1
1537,0.5,1.0,0.0,242.6439589565276,23.0,128.0,0.1
1538,0.5,1.0,0.0,83.58120319363063,10.0,43.0,0.1
1539,0.5,1.0,0.0,210.1344605421331,15.0,111.0,0.1
1540,0.5,1.0,0.0,52.63906407818115,4.0,25.0,0.1
1541,0.5,1.0,0.0,72.20807953877173,4.0,39.0,0.1
1542,0.5,1.0,0.0,203.0615231021725,17.0,92.0,0.1
1543,0.5,1.0,0.0,294.44045984221964,21.0,139.0,0.1
1544,0.5,1.0,0.0,297.8789078373375,24.0,144.0,0.1
1545,0.5,1.0,0.0,66.33563229996473,3.0,38.0,0.1
1546,0.5,1.0,0.0,124.4811261688547,10.0,65.0,0.1
1547,0.5,1.0,0.0,82.86957754452831,3.0,33.0,0.1
1548,0.5,1.0,0.0,341.32164650670563,21.0,157.0,0.1
1549,0.5,1.0,0.0,348.12054245755854,26.0,170.0,0.1
1550,0.5,1.0,0.0,92.25487800694712,8.0,46.0,0.1
1551,0.5,1.0,0.0,154.7756488037266,8.0,77.0,0.1
1552,0.5,1.0,0.0,327.4601238620912,31.0,174.0,0.1
1553,0.5,1.0,0.0,297.13483773708776,22.0,156.0,0.1
1554,0.5,1.0,0.0,284.847619125868,21.0,147.0,0.1
1555,0.5,1.0,0.0,200.86486939707763,16.0,103.0,0.1
1556,0.5,1.0,0.0,287.24477081221687,18.0,153.0,0.1
1557,0.5,1.0,0.0,98.33575749742788,7.0,49.0,0.1
1558,0.5,1.0,0.0,99.02282871612542,5.0,57.0,0.1
1559,0.5,1.0,0.0,22.13750114171383,4.0,13.0,0.1
1560,0.5,1.0,0.0,57.05454895851959,4.0,26.0,0.1
1561,0.5,1.0,0.0,13.475179932752951,2.0,2.0,0.1
1562,0.5,1.0,0.0,217.3544389420998,11.0,121.0,0.1
1563,0.5,1.0,0.0,99.48663348439646,8.0,46.0,0.1
1564,0.5,1.0,0.0,48.63952618293703,4.0,18.0,0.1
1565,0.5,1.0,0.0,32.32741139233486,3.0,18.0,0.1
1566,0.5,1.0,0.0,327.04388699392564,14.0,179.0,0.1
1567,0.5,1.0,0.0,91.8292528298223,7.0,49.0,0.1
1568,0.5,1.0,0.0,719.2313260632169,57.0,360.0,0.1
1569,0.5,1.0,0.0,113.7582917550782,9.0,56.0,0.1
1570,0.5,1.0,0.0,87.99505222559313,5.0,40.0,0.1
1571,0.5,1.0,0.0,49.25817285667316,3.0,25.0,0.1
1572,0.5,1.0,0.0,165.0665332311352,11.0,93.0,0.1
1573,0.5,1.0,0.0,105.05860443794089,12.0,61.0,0.1
1574,0.5,1.0,0.0,61.58744454381086,6.0,27.0,0.1
1575,0.5,1.0,0.0,57.06705040936437,6.0,25.0,0.1
1576,0.5,1.0,0.0,75.2868331961863,4.0,34.0,0.1
1577,0.5,1.0,0.0,65.33822489525045,4.0,28.0,0.1
1578,0.5,1.0,0.0,68.3828752730827,4.0,31.0,0.1
1579,0.5,1.0,0.0,166.50960612581085,15.0,86.0,0.1
1580,0.5,1.0,0.0,210.29539435411635,12.0,106.0,0.1
1581,0.5,1.0,0.0,47.28300556072868,3.0,26.0,0.1
1582,0.5,1.0,0.0,52.31573865968251,6.0,12.0,0.1
1583,0.5,1.0,0.0,37.44383839582719,5.0,18.0,0.1
1584,0.5,1.0,0.0,96.06606851771112,8.0,47.0,0.1
1585,0.5,1.0,0.0,70.66528589100173,8.0,47.0,0.1
1586,0.5,1.0,0.0,65.52200214268508,5.0,36.0,0.1
1587,0.5,1.0,0.0,192.77331253649143,9.0,91.0,0.1
1588,0.5,1.0,0.0,100.9000237470924,7.0,45.0,0.1
1589,0.5,1.0,0.0,68.91319769996508,6.0,29.0,0.1
1590,0.5,1.0,0.0,298.35826664541827,18.0,150.0,0.1
1591,0.5,1.0,0.0,74.84044412085986,3.0,32.0,0.1
1592,0.5,1.0,0.0,142.03364466937762,14.0,58.0,0.1
1593,0.5,1.0,0.0,150.1987666895703,13.0,73.0,0.1
1594,0.5,1.0,0.0,360.7385304105731,29.0,201.0,0.1
1595,0.5,1.0,0.0,80.7457218156949,7.0,36.0,0.1
1596,0.5,1.0,0.0,109.57794243517333,11.0,51.0,0.1
1597,0.5,1.0,0.0,463.3999768935399,35.0,240.0,0.1
1598,0.5,1.0,0.0,230.9981775068472,14.0,105.0,0.1
1599,0.5,1.0,0.0,453.0674562915028,33.0,236.0,0.1
1600,0.5,1.0,0.0,253.9940243157255,22.0,120.0,0.1
1601,0.5,1.0,0.0,219.2356268748924,17.0,98.0,0.1
1602,0.5,1.0,0.0,59.17586079478803,6.0,25.0,0.1
1603,0.5,1.0,0.0,375.1397830085334,38.0,174.0,0.1
1604,0.5,1.0,0.0,308.4781319917328,22.0,134.0,0.1
1605,0.5,1.0,0.0,445.7985493079535,30.0,231.0,0.1
1606,0.5,1.0,0.0,205.32285522974425,17.0,99.0,0.1
1607,0.5,1.0,0.0,56.781853954618384,7.0,16.0,0.1
1608,0.5,1.0,0.0,107.324760735417,8.0,57.0,0.1
1609,0.5,1.0,0.0,423.0932423565286,29.0,221.0,0.1
1610,0.5,1.0,0.0,38.78450627624847,4.0,20.0,0.1
1611,0.5,1.0,0.0,39.405173630377945,4.0,13.0,0.1
1612,0.5,1.0,0.0,127.1116852832232,11.0,49.0,0.1
1613,0.5,1.0,0.0,365.68435576713415,27.0,182.0,0.1
1614,0.5,1.0,0.0,51.23627100417799,3.0,25.0,0.1
1615,0.5,1.0,0.0,133.20004990427344,11.0,75.0,0.1
1616,0.5,1.0,0.0,277.86899697045106,25.0,141.0,0.1
1617,0.5,1.0,0.0,66.58897296330348,5.0,37.0,0.1
1618,0.5,1.0,0.0,289.38403515851763,21.0,149.0,0.1
1619,0.5,1.0,0.0,36.98630396176589,4.0,22.0,0.1
1620,0.5,1.0,0.0,134.8037920017475,8.0,54.0,0.1
1621,0.5,1.0,0.0,131.95385631397198,4.0,55.0,0.1
1622,0.5,1.0,0.0,222.0852741004705,12.0,109.0,0.1
1623,0.5,1.0,0.0,31.033962184268265,3.0,13.0,0.1
1624,0.5,1.0,0.0,196.93616780067163,10.0,93.0,0.1
1625,0.5,1.0,0.0,151.33347353896656,6.0,70.0,0.1
1626,0.5,1.0,0.0,21.85246241724505,3.0,8.0,0.1
1627,0.5,1.0,0.0,150.43342734162604,12.0,74.0,0.1
1628,0.5,1.0,0.0,377.0811588987284,21.0,184.0,0.1
1629,0.5,1.0,0.0,72.75759900195875,4.0,44.0,0.1
1630,0.5,1.0,0.0,83.10344567460335,5.0,46.0,0.1
1631,0.5,1.0,0.0,353.94943616418306,21.0,152.0,0.1
1632,0.5,1.0,0.0,121.504457035748,9.0,64.0,0.1
1633,0.5,1.0,0.0,127.7268978644588,7.0,64.0,0.1
1634,0.5,1.0,0.0,75.22278083235325,11.0,33.0,0.1
1635,0.5,1.0,0.0,217.748610485239,12.0,128.0,0.1
1636,0.5,1.0,0.0,109.3390682690468,10.0,53.0,0.1
1637,0.5,1.0,0.0,243.92338828577303,18.0,127.0,0.1
1638,0.5,1.0,0.0,61.85956991436312,4.0,34.0,0.1
1639,0.5,1.0,0.0,220.82469879438256,14.0,105.0,0.1
1640,0.5,1.0,0.0,80.31629930819544,8.0,43.0,0.1
1641,0.5,1.0,0.0,498.7340144350952,41.0,251.0,0.1
1642,0.5,1.0,0.0,536.5626916860112,40.0,259.0,0.1
1643,0.5,1.0,0.0,143.83662397543546,6.0,91.0,0.1
1644,0.5,1.0,0.0,150.32211453942247,10.0,77.0,0.1
1645,0.5,1.0,0.0,64.04549087593293,5.0,36.0,0.1
1646,0.5,1.0,0.0,119.90220116136328,13.0,56.0,0.1
1647,0.5,1.0,0.0,180.6133207977088,11.0,88.0,0.1
1648,0.5,1.0,0.0,99.40610462131067,9.0,51.0,0.1
1649,0.5,1.0,0.0,75.46023872527877,8.0,37.0,0.1
1650,0.5,1.0,0.0,124.88419359550586,10.0,61.0,0.1
1651,0.5,1.0,0.0,267.49281230826875,17.0,144.0,0.1
1652,0.5,1.0,0.0,293.8412504927182,27.0,163.0,0.1
1653,0.5,1.0,0.0,507.9092715159753,45.0,262.0,0.1
1654,0.5,1.0,0.0,66.65263474901157,6.0,26.0,0.1
1655,0.5,1.0,0.0,188.23308914377984,14.0,121.0,0.1
1656,0.5,1.0,0.0,74.05557581391655,6.0,36.0,0.1
1657,0.5,1.0,0.0,198.4158758737337,9.0,106.0,0.1
1658,0.5,1.0,0.0,387.3512061728485,21.0,216.0,0.1
1659,0.5,1.0,0.0,170.37561264610872,15.0,85.0,0.1
1660,0.5,1.0,0.0,62.2576454030259,5.0,27.0,0.1
1661,0.5,1.0,0.0,138.6464866889245,11.0,66.0,0.1
1662,0.5,1.0,0.0,177.67136104729866,9.0,84.0,0.1
1663,0.5,1.0,0.0,73.65443007380014,5.0,35.0,0.1
1664,0.5,1.0,0.0,105.1827156518223,7.0,60.0,0.1
1665,0.5,1.0,0.0,79.30325780436036,6.0,36.0,0.1
1666,0.5,1.0,0.0,307.4624506540192,32.0,153.0,0.1
1667,0.5,1.0,0.0,142.90573826246202,14.0,59.0,0.1
1668,0.5,1.0,0.0,293.6186321792291,27.0,117.0,0.1
1669,0.5,1.0,0.0,146.6633717891017,12.0,74.0,0.1
1670,0.5,1.0,0.0,27.587908524390077,3.0,15.0,0.1
1671,0.5,1.0,0.0,541.6503076738314,33.0,282.0,0.1
1672,0.5,1.0,0.0,191.20033150868085,23.0,100.0,0.1
1673,0.5,1.0,0.0,383.494248300548,11.0,210.0,0.1
1674,0.5,1.0,0.0,398.4002516071,30.0,172.0,0.1
1675,0.5,1.0,0.0,151.14601832948406,12.0,67.0,0.1
1676,0.5,1.0,0.0,207.2285165147812,13.0,97.0,0.1
1677,0.5,1.0,0.0,157.4106561223246,11.0,71.0,0.1
1678,0.5,1.0,0.0,125.94373651049898,11.0,72.0,0.1
1679,0.5,1.0,0.0,30.31823931819516,2.0,10.0,0.1
1680,0.5,1.0,0.0,185.78557580069835,13.0,98.0,0.1
1681,0.5,1.0,0.0,239.6054313173632,17.0,125.0,0.1
1682,0.5,1.0,0.0,608.4975735454137,46.0,323.0,0.1
1683,0.5,1.0,0.0,171.23696013364943,14.0,88.0,0.1
1684,0.5,1.0,0.0,168.99956454932706,9.0,92.0,0.1
1685,0.5,1.0,0.0,90.98567985415563,11.0,50.0,0.1
1686,0.5,1.0,0.0,261.38660437444696,27.0,132.0,0.1
1687,0.5,1.0,0.0,585.0678502356013,43.0,303.0,0.1
1688,0.5,1.0,0.0,170.83789880813137,12.0,81.0,0.1
1689,0.5,1.0,0.0,86.11690820523881,4.0,50.0,0.1
1690,0.5,1.0,0.0,230.1738465350146,16.0,101.0,0.1
1691,0.5,1.0,0.0,18.117558526291397,4.0,13.0,0.1
1692,0.5,1.0,0.0,202.0320723490974,19.0,104.0,0.1
1693,0.5,1.0,0.0,42.43379931289958,5.0,20.0,0.1
1694,0.5,1.0,0.0,112.48409081457584,6.0,61.0,0.1
1695,0.5,1.0,0.0,167.03264859874872,16.0,71.0,0.1
1696,0.5,1.0,0.0,151.9395640278401,11.0,55.0,0.1
1697,0.5,1.0,0.0,47.607447389921504,5.0,26.0,0.1
1698,0.5,1.0,0.0,154.81780470876234,12.0,83.0,0.1
1699,0.5,1.0,0.0,110.5787554783233,11.0,52.0,0.1
1700,0.5,1.0,0.0,160.21777090175868,11.0,92.0,0.1
1701,0.5,1.0,0.0,119.68730012419744,11.0,58.0,0.1
1702,0.5,1.0,0.0,125.1466692819282,9.0,61.0,0.1
1703,0.5,1.0,0.0,60.20068326646387,4.0,28.0,0.1
1704,0.5,1.0,0.0,214.61403008764603,22.0,88.0,0.1
1705,0.5,1.0,0.0,168.47830827643924,10.0,83.0,0.1
1706,0.5,1.0,0.0,109.31014650065158,9.0,54.0,0.1
1707,0.5,1.0,0.0,50.28751930629136,5.0,14.0,0.1
1708,0.5,1.0,0.0,173.7149985233968,14.0,90.0,0.1
1709,0.5,1.0,0.0,143.46897456873145,13.0,60.0,0.1
1710,0.5,1.0,0.0,55.18864829087676,4.0,24.0,0.1
1711,0.5,1.0,0.0,226.12119912608875,15.0,111.0,0.1
1712,0.5,1.0,0.0,280.8520700248147,22.0,148.0,0.1
1713,0.5,1.0,0.0,112.34770279125765,11.0,68.0,0.1
1714,0.5,1.0,0.0,404.235017795426,40.0,188.0,0.1
1715,0.5,1.0,0.0,149.35683190944718,15.0,68.0,0.1
1716,0.5,1.0,0.0,68.7988274396616,5.0,34.0,0.1
1717,0.5,1.0,0.0,41.25083556528706,2.0,18.0,0.1
1718,0.5,1.0,0.0,411.0086472890243,30.0,227.0,0.1
1719,0.5,1.0,0.0,236.1009178722961,17.0,124.0,0.1
1720,0.5,1.0,0.0,273.9685678273931,27.0,170.0,0.1
1721,0.5,1.0,0.0,277.2361438389587,19.0,142.0,0.1
1722,0.5,1.0,0.0,251.6260319152616,14.0,121.0,0.1
1723,0.5,1.0,0.0,152.90250423556895,14.0,83.0,0.1
1724,0.5,1.0,0.0,56.01001458910004,4.0,24.0,0.1
1725,0.5,1.0,0.0,246.34677576934016,20.0,140.0,0.1
1726,0.5,1.0,0.0,18.67859252743079,1.0,3.0,0.1
1727,0.5,1.0,0.0,98.84111163441963,4.0,51.0,0.1
1728,0.5,1.0,0.0,371.5800264205428,19.0,195.0,0.1
1729,0.5,1.0,0.0,52.65299943790568,5.0,24.0,0.1
1730,0.5,1.0,0.0,25.41848444329541,4.0,11.0,0.1
1731,0.5,1.0,0.0,235.5182712603223,19.0,120.0,0.1
1732,0.5,1.0,0.0,247.1422829564157,18.0,137.0,0.1
1733,0.5,1.0,0.0,95.00323551915348,5.0,57.0,0.1
1734,0.5,1.0,0.0,80.6208233768226,4.0,40.0,0.1
1735,0.5,1.0,0.0,457.7816455373496,36.0,207.0,0.1
1736,0.5,1.0,0.0,71.40374964492291,7.0,42.0,0.1
1737,0.5,1.0,0.0,190.3299363927377,14.0,89.0,0.1
1738,0.5,1.0,0.0,100.6707507448948,7.0,48.0,0.1
1739,0.5,1.0,0.0,329.56959336056684,25.0,182.0,0.1
1740,0.5,1.0,0.0,165.09145968130332,15.0,78.0,0.1
1741,0.5,1.0,0.0,132.51077485190464,8.0,64.0,0.1
1742,0.5,1.0,0.0,151.77391875795254,12.0,95.0,0.1
1743,0.5,1.0,0.0,86.1969818453653,3.0,49.0,0.1
1744,0.5,1.0,0.0,37.33923348706088,3.0,18.0,0.1
1745,0.5,1.0,0.0,771.3248383496177,47.0,434.0,0.1
1746,0.5,1.0,0.0,135.59416508713588,8.0,79.0,0.1
1747,0.5,1.0,0.0,331.30615654468966,21.0,163.0,0.1
1748,0.5,1.0,0.0,385.9187030621444,25.0,197.0,0.1
1749,0.5,1.0,0.0,90.71154230904108,8.0,42.0,0.1
1750,0.5,1.0,0.0,853.2464818495172,57.0,436.0,0.1
1751,0.5,1.0,0.0,129.9077059491738,9.0,65.0,0.1
1752,0.5,1.0,0.0,82.01253532305498,7.0,49.0,0.1
1753,0.5,1.0,0.0,108.90001836801792,8.0,67.0,0.1
1754,0.5,1.0,0.0,180.17131851087532,17.0,95.0,0.1
1755,0.5,1.0,0.0,709.4713579833417,53.0,368.0,0.1
1756,0.5,1.0,0.0,108.77660625962328,8.0,50.0,0.1
1757,0.5,1.0,0.0,718.7113132827141,51.0,376.0,0.1
1758,0.5,1.0,0.0,53.536351264787534,6.0,28.0,0.1
1759,0.5,1.0,0.0,81.34641364560309,8.0,37.0,0.1
1760,0.5,1.0,0.0,30.924321865339284,3.0,15.0,0.1
1761,0.5,1.0,0.0,111.96131683163424,7.0,52.0,0.1
1762,0.5,1.0,0.0,202.6897051105165,18.0,110.0,0.1
1763,0.5,1.0,0.0,309.74575657222243,29.0,162.0,0.1
1764,0.5,1.0,0.0,71.47637163412992,6.0,35.0,0.1
1765,0.5,1.0,0.0,116.66057182009811,11.0,67.0,0.1
1766,0.5,1.0,0.0,767.0680718386689,45.0,402.0,0.1
1767,0.5,1.0,0.0,44.08053875377311,3.0,21.0,0.1
1768,0.5,1.0,0.0,124.8897858713416,10.0,63.0,0.1
1769,0.5,1.0,0.0,61.14628951704954,6.0,30.0,0.1
1770,0.5,1.0,0.0,216.34788802034592,18.0,118.0,0.1
1771,0.5,1.0,0.0,375.5840327360694,30.0,186.0,0.1
1772,0.5,1.0,0.0,428.66700009731227,30.0,190.0,0.1
1773,0.5,1.0,0.0,221.1122341579949,16.0,111.0,0.1
1774,0.5,1.0,0.0,80.51061872588937,8.0,34.0,0.1
1775,0.5,1.0,0.0,243.89606425202587,16.0,130.0,0.1
1776,0.5,1.0,0.0,208.6968565265851,14.0,122.0,0.1
1777,0.5,1.0,0.0,97.40624956006025,2.0,53.0,0.1
1778,0.5,1.0,0.0,214.0065972358072,22.0,118.0,0.1
1779,0.5,1.0,0.0,242.1555681391445,20.0,132.0,0.1
1780,0.5,1.0,0.0,98.72352367924957,10.0,51.0,0.1
1781,0.5,1.0,0.0,220.4342267375383,17.0,119.0,0.1
1782,0.5,1.0,0.0,93.7569846836689,8.0,36.0,0.1
1783,0.5,1.0,0.0,117.44464258608808,13.0,49.0,0.1
1784,0.5,1.0,0.0,123.63938549163986,9.0,68.0,0.1
1785,0.5,1.0,0.0,139.18127775547887,11.0,66.0,0.1
1786,0.5,1.0,0.0,162.38059608847098,9.0,91.0,0.1
1787,0.5,1.0,0.0,198.82649783391705,17.0,87.0,0.1
1788,0.5,1.0,0.0,315.5442090786371,26.0,156.0,0.1
1789,0.5,1.0,0.0,229.9404324750836,21.0,127.0,0.1
1790,0.5,1.0,0.0,425.7857892370774,37.0,202.0,0.1
1791,0.5,1.0,0.0,198.54142895139333,18.0,91.0,0.1
1792,0.5,1.0,0.0,34.16299472079812,4.0,16.0,0.1
1793,0.5,1.0,0.0,251.8845905897612,22.0,122.0,0.1
1794,0.5,1.0,0.0,104.23979910347488,6.0,45.0,0.1
1795,0.5,1.0,0.0,120.9414171923765,8.0,58.0,0.1
1796,0.5,1.0,0.0,130.88170591331829,13.0,73.0,0.1
1797,0.5,1.0,0.0,77.38671739179172,9.0,38.0,0.1
1798,0.5,1.0,0.0,36.64240267717115,4.0,17.0,0.1
1799,0.5,1.0,0.0,229.11762605479143,17.0,101.0,0.1
1800,0.5,1.0,0.0,209.8682807362333,12.0,118.0,0.1
1801,0.5,1.0,0.0,139.02395825596258,12.0,63.0,0.1
1802,0.5,1.0,0.0,141.54310859857213,11.0,83.0,0.1
1803,0.5,1.0,0.0,137.92568087969343,11.0,65.0,0.1
1804,0.5,1.0,0.0,75.16992215383048,4.0,40.0,0.1
1805,0.5,1.0,0.0,286.75640831253367,20.0,137.0,0.1
1806,0.5,1.0,0.0,136.27950118971634,8.0,84.0,0.1
1807,0.5,1.0,0.0,48.837173209291926,4.0,22.0,0.1
1808,0.5,1.0,0.0,195.2371054914743,14.0,103.0,0.1
1809,0.5,1.0,0.0,98.78779975667528,6.0,45.0,0.1
1810,0.5,1.0,0.0,32.596738690083214,5.0,11.0,0.1
1811,0.5,1.0,0.0,69.71782720123835,8.0,37.0,0.1
1812,0.5,1.0,0.0,246.129879842628,18.0,126.0,0.1
1813,0.5,1.0,0.0,24.167992927718277,5.0,13.0,0.1
1814,0.5,1.0,0.0,461.46836510959184,27.0,225.0,0.1
1815,0.5,1.0,0.0,287.1277722432933,13.0,168.0,0.1
1816,0.5,1.0,0.0,128.74353545565435,11.0,65.0,0.1
1817,0.5,1.0,0.0,53.13910289280423,3.0,31.0,0.1
1818,0.5,1.0,0.0,256.54381667523785,16.0,118.0,0.1
1819,0.5,1.0,0.0,107.35928271188033,10.0,53.0,0.1
1820,0.5,1.0,0.0,205.1089313953128,12.0,98.0,0.1
1821,0.5,1.0,0.0,54.170354357430455,5.0,27.0,0.1
1822,0.5,1.0,0.0,31.483851219803785,2.0,10.0,0.1
1823,0.5,1.0,0.0,73.44358602939607,4.0,44.0,0.1
1824,0.5,1.0,0.0,108.01273665454208,8.0,46.0,0.1
1825,0.5,1.0,0.0,24.219946890708236,3.0,13.0,0.1
1826,0.5,1.0,0.0,113.54280861992125,9.0,51.0,0.1
1827,0.5,1.0,0.0,185.4428515390996,12.0,67.0,0.1
1828,0.5,1.0,0.0,41.982617518762886,4.0,15.0,0.1
1829,0.5,1.0,0.0,130.91566967322734,11.0,55.0,0.1
1830,0.5,1.0,0.0,74.46635135689047,8.0,41.0,0.1
1831,0.5,1.0,0.0,201.40360991431967,12.0,99.0,0.1
1832,0.5,1.0,0.0,339.52227621615623,25.0,157.0,0.1
1833,0.5,1.0,0.0,292.2543599068046,18.0,142.0,0.1
1834,0.5,1.0,0.0,274.2195315161324,21.0,144.0,0.1
1835,0.5,1.0,0.0,58.16459874590871,6.0,33.0,0.1
1836,0.5,1.0,0.0,227.49302100484465,16.0,99.0,0.1
1837,0.5,1.0,0.0,68.88311309246195,3.0,41.0,0.1
1838,0.5,1.0,0.0,203.69459182221308,19.0,106.0,0.1
1839,0.5,1.0,0.0,31.135635732504763,5.0,10.0,0.1
1840,0.5,1.0,0.0,122.43923419383184,7.0,70.0,0.1
1841,0.5,1.0,0.0,281.2387094533865,21.0,135.0,0.1
1842,0.5,1.0,0.0,176.76983440376986,11.0,92.0,0.1
1843,0.5,1.0,0.0,91.0187944075724,7.0,47.0,0.1
1844,0.5,1.0,0.0,54.16722748138742,6.0,20.0,0.1
1845,0.5,1.0,0.0,71.29363016881848,4.0,38.0,0.1
1846,0.5,1.0,0.0,85.56243145190703,7.0,39.0,0.1
1847,0.5,1.0,0.0,28.071333237614397,4.0,11.0,0.1
1848,0.5,1.0,0.0,69.97943994170245,6.0,39.0,0.1
1849,0.5,1.0,0.0,71.4060430881306,3.0,33.0,0.1
1850,0.5,1.0,0.0,336.52839173198487,29.0,159.0,0.1
1851,0.5,1.0,0.0,105.4427878063928,7.0,47.0,0.1
1852,0.5,1.0,0.0,437.9123706082999,44.0,242.0,0.1
1853,0.5,1.0,0.0,82.69242402845528,8.0,49.0,0.1
1854,0.5,1.0,0.0,163.09659468677071,11.0,82.0,0.1
1855,0.5,1.0,0.0,320.8349629806405,18.0,165.0,0.1
1856,0.5,1.0,0.0,197.5525912228736,14.0,95.0,0.1
1857,0.5,1.0,0.0,69.11740111327853,8.0,41.0,0.1
1858,0.5,1.0,0.0,149.83388707493668,15.0,62.0,0.1
1859,0.5,1.0,0.0,54.35462304094066,3.0,19.0,0.1
1860,0.5,1.0,0.0,167.6707271463115,10.0,94.0,0.1
1861,0.5,1.0,0.0,58.96701343949339,6.0,24.0,0.1
1862,0.5,1.0,0.0,420.7622949767237,34.0,202.0,0.1
1863,0.5,1.0,0.0,191.07666270960132,17.0,80.0,0.1
1864,0.5,1.0,0.0,119.8045600029106,12.0,46.0,0.1
1865,0.5,1.0,0.0,85.5482726846207,8.0,41.0,0.1
1866,0.5,1.0,0.0,182.12297616433327,12.0,95.0,0.1
1867,0.5,1.0,0.0,141.45036834767987,4.0,74.0,0.1
1868,0.5,1.0,0.0,52.48275880921171,4.0,30.0,0.1
1869,0.5,1.0,0.0,77.32639937951276,10.0,47.0,0.1
1870,0.5,1.0,0.0,363.4044980016803,29.0,196.0,0.1
1871,0.5,1.0,0.0,83.14708753132871,7.0,42.0,0.1
1872,0.5,1.0,0.0,166.41064072353984,12.0,69.0,0.1
1873,0.5,1.0,0.0,128.13056309770633,7.0,75.0,0.1
1874,0.5,1.0,0.0,222.0381004507532,20.0,112.0,0.1
1875,0.5,1.0,0.0,640.6461406683931,50.0,343.0,0.1
1876,0.5,1.0,0.0,105.29388218257156,6.0,55.0,0.1
1877,0.5,1.0,0.0,200.46829849851483,17.0,83.0,0.1
1878,0.5,1.0,0.0,114.69591537880596,11.0,57.0,0.1
1879,0.5,1.0,0.0,228.09357882165867,19.0,103.0,0.1
1880,0.5,1.0,0.0,80.59067901020664,7.0,39.0,0.1
1881,0.5,1.0,0.0,181.1843628408897,13.0,99.0,0.1
1882,0.5,1.0,0.0,401.53324442296304,31.0,208.0,0.1
1883,0.5,1.0,0.0,47.91620382323904,5.0,25.0,0.1
1884,0.5,1.0,0.0,127.7404827508075,11.0,72.0,0.1
1885,0.5,1.0,0.0,70.13650022444922,4.0,32.0,0.1
1886,0.5,1.0,0.0,63.68353909326832,7.0,33.0,0.1
1887,0.5,1.0,0.0,110.57350697430132,8.0,49.0,0.1
1888,0.5,1.0,0.0,318.5661298895712,24.0,164.0,0.1
1889,0.5,1.0,0.0,97.92947160090831,8.0,39.0,0.1
1890,0.5,1.0,0.0,52.60671603682682,4.0,21.0,0.1
1891,0.5,1.0,0.0,74.22174544078855,8.0,38.0,0.1
1892,0.5,1.0,0.0,74.73751172218444,6.0,32.0,0.1
1893,0.5,1.0,0.0,289.4978068021311,31.0,126.0,0.1
1894,0.5,1.0,0.0,70.01410938687958,5.0,28.0,0.1
1895,0.5,1.0,0.0,213.2011991074368,13.0,112.0,0.1
1896,0.5,1.0,0.0,57.02762421897627,5.0,25.0,0.1
1897,0.5,1.0,0.0,64.7568516020672,5.0,29.0,0.1
1898,0.5,1.0,0.0,114.70694296650156,5.0,42.0,0.1
1899,0.5,1.0,0.0,152.74558121803355,16.0,87.0,0.1
1900,0.5,1.0,0.0,292.0377057983292,28.0,147.0,0.1
1901,0.5,1.0,0.0,206.60420041416577,13.0,81.0,0.1
1902,0.5,1.0,0.0,148.36999351946417,8.0,77.0,0.1
1903,0.5,1.0,0.0,164.2247533738225,8.0,88.0,0.1
1904,0.5,1.0,0.0,57.04593349409221,3.0,28.0,0.1
1905,0.5,1.0,0.0,38.01856547264537,4.0,22.0,0.1
1906,0.5,1.0,0.0,37.44031839467658,5.0,16.0,0.1
1907,0.5,1.0,0.0,138.85066605328956,12.0,58.0,0.1
1908,0.5,1.0,0.0,174.76369502504105,18.0,79.0,0.1
1909,0.5,1.0,0.0,485.5755080918528,38.0,244.0,0.1
1910,0.5,1.0,0.0,146.12287531412952,7.0,73.0,0.1
1911,0.5,1.0,0.0,66.73364748363251,6.0,27.0,0.1
1912,0.5,1.0,0.0,727.0417371858846,46.0,370.0,0.1
1913,0.5,1.0,0.0,67.59224368185708,5.0,27.0,0.1
1914,0.5,1.0,0.0,88.73630126918856,5.0,46.0,0.1
1915,0.5,1.0,0.0,131.9434834697332,8.0,76.0,0.1
1916,0.5,1.0,0.0,92.88592209453972,5.0,41.0,0.1
1917,0.5,1.0,0.0,233.3243594778506,13.0,112.0,0.1
1918,0.5,1.0,0.0,303.60493138229225,26.0,137.0,0.1
1919,0.5,1.0,0.0,175.38307000696255,14.0,77.0,0.1
1920,0.5,1.0,0.0,160.7654160608345,12.0,73.0,0.1
1921,0.5,1.0,0.0,66.93643918511768,6.0,27.0,0.1
1922,0.5,1.0,0.0,144.8872135327212,11.0,70.0,0.1
1923,0.5,1.0,0.0,21.854824079420947,4.0,13.0,0.1
1924,0.5,1.0,0.0,402.3689588505948,37.0,188.0,0.1
1925,0.5,1.0,0.0,239.3988913605969,15.0,107.0,0.1
1926,0.5,1.0,0.0,39.68419274739761,3.0,15.0,0.1
1927,0.5,1.0,0.0,204.5912000046161,16.0,119.0,0.1
1928,0.5,1.0,0.0,49.60134016551254,6.0,25.0,0.1
1929,0.5,1.0,0.0,125.82195123137056,11.0,63.0,0.1
1930,0.5,1.0,0.0,116.5648797589068,9.0,57.0,0.1
1931,0.5,1.0,0.0,61.70930097809449,6.0,29.0,0.1
1932,0.5,1.0,0.0,205.69088620709,17.0,93.0,0.1
1933,0.5,1.0,0.0,231.5036051337921,16.0,104.0,0.1
1934,0.5,1.0,0.0,432.1689203862243,36.0,222.0,0.1
1935,0.5,1.0,0.0,133.18021123072867,8.0,73.0,0.1
1936,0.5,1.0,0.0,226.6536766068376,19.0,113.0,0.1
1937,0.5,1.0,0.0,70.86119509327781,8.0,38.0,0.1
1938,0.5,1.0,0.0,270.31984346278733,26.0,135.0,0.1
1939,0.5,1.0,0.0,102.40561475971325,6.0,57.0,0.1
1940,0.5,1.0,0.0,135.3052641621127,11.0,82.0,0.1
1941,0.5,1.0,0.0,89.07381188118661,11.0,32.0,0.1
1942,0.5,1.0,0.0,167.84017529287908,14.0,85.0,0.1
1943,0.5,1.0,0.0,141.1199516527393,13.0,58.0,0.1
1944,0.5,1.0,0.0,160.1061584651475,10.0,83.0,0.1
1945,0.5,1.0,0.0,66.10841058042378,9.0,41.0,0.1
1946,0.5,1.0,0.0,187.470655947914,13.0,97.0,0.1
1947,0.5,1.0,0.0,496.1504623658593,31.0,233.0,0.1
1948,0.5,1.0,0.0,83.29101798008202,7.0,43.0,0.1
1949,0.5,1.0,0.0,48.70668454192148,5.0,20.0,0.1
1950,0.5,1.0,0.0,29.61824914927854,3.0,13.0,0.1
1951,0.5,1.0,0.0,185.64993772993677,11.0,88.0,0.1
1952,0.5,1.0,0.0,102.74257622956814,10.0,50.0,0.1
1953,0.5,1.0,0.0,171.30143119465245,15.0,75.0,0.1
1954,0.5,1.0,0.0,99.67947771348786,9.0,58.0,0.1
1955,0.5,1.0,0.0,461.0640376755858,23.0,221.0,0.1
1956,0.5,1.0,0.0,32.460847765006484,3.0,17.0,0.1
1957,0.5,1.0,0.0,126.06345096885994,11.0,60.0,0.1
1958,0.5,1.0,0.0,77.70281217767348,4.0,35.0,0.1
1959,0.5,1.0,0.0,38.69398001152114,3.0,20.0,0.1
1960,0.5,1.0,0.0,231.0701681319541,15.0,109.0,0.1
1961,0.5,1.0,0.0,83.10679613072476,5.0,38.0,0.1
1962,0.5,1.0,0.0,267.9980339051686,14.0,119.0,0.1
1963,0.5,1.0,0.0,137.5747242496661,8.0,76.0,0.1
1964,0.5,1.0,0.0,139.74795395373238,11.0,63.0,0.1
1965,0.5,1.0,0.0,87.18697370354253,9.0,34.0,0.1
1966,0.5,1.0,0.0,71.10820809875223,6.0,25.0,0.1
1967,0.5,1.0,0.0,95.14964233172022,4.0,52.0,0.1
1968,0.5,1.0,0.0,58.88959847684208,7.0,26.0,0.1
1969,0.5,1.0,0.0,217.27076782108767,17.0,117.0,0.1
1970,0.5,1.0,0.0,162.98574350351117,13.0,85.0,0.1
1971,0.5,1.0,0.0,35.495929630476034,4.0,10.0,0.1
1972,0.5,1.0,0.0,280.1037861464676,19.0,138.0,0.1
1973,0.5,1.0,0.0,139.31172590422028,13.0,64.0,0.1
1974,0.5,1.0,0.0,278.45618178993624,16.0,145.0,0.1
1975,0.5,1.0,0.0,52.44485618513293,2.0,26.0,0.1
1976,0.5,1.0,0.0,65.01984620747957,6.0,38.0,0.1
1977,0.5,1.0,0.0,433.661208896032,40.0,208.0,0.1
1978,0.5,1.0,0.0,326.52200842588053,25.0,154.0,0.1
1979,0.5,1.0,0.0,117.22129194523336,7.0,57.0,0.1
1980,0.5,1.0,0.0,43.42421007026265,4.0,25.0,0.1
1981,0.5,1.0,0.0,174.39342400663875,10.0,94.0,0.1
1982,0.5,1.0,0.0,203.79449781392128,14.0,107.0,0.1
1983,0.5,1.0,0.0,163.01133535178317,13.0,76.0,0.1
1984,0.5,1.0,0.0,287.193857198172,22.0,149.0,0.1
1985,0.5,1.0,0.0,252.3462194519585,15.0,133.0,0.1
1986,0.5,1.0,0.0,118.40498029803852,11.0,60.0,0.1
1987,0.5,1.0,0.0,73.69217884843631,12.0,45.0,0.1
1988,0.5,1.0,0.0,322.7532347261854,23.0,169.0,0.1
1989,0.5,1.0,0.0,45.61368695120413,3.0,33.0,0.1
1990,0.5,1.0,0.0,110.12447460537244,6.0,47.0,0.1
1991,0.5,1.0,0.0,362.950595935318,26.0,204.0,0.1
1992,0.5,1.0,0.0,102.2494298726632,13.0,49.0,0.1
1993,0.5,1.0,0.0,200.51046336790407,17.0,94.0,0.1
1994,0.5,1.0,0.0,70.1730811523491,4.0,31.0,0.1
1995,0.5,1.0,0.0,140.670156464429,13.0,80.0,0.1
1996,0.5,1.0,0.0,271.2327735885316,21.0,133.0,0.1
1997,0.5,1.0,0.0,406.1500391665557,31.0,185.0,0.1
1998,0.5,1.0,0.0,105.3509279340714,11.0,57.0,0.1
1999,0.5,1.0,0.0,440.5331119489239,39.0,212.0,0.1
