,initial state,transition rate,measurement rate,simulation time,total measurements,total jumps,finded
0,0.0,0.1,0.5,60.25238430237136,28.0,2.0,1.0
1,0.0,0.1,0.5,61.16917022529011,29.0,2.0,1.0
2,0.0,0.1,0.5,13.358863655459661,8.0,2.0,1.0
3,0.0,0.1,0.5,25.949698442182182,19.0,2.0,1.0
4,0.0,0.1,0.5,62.40156889893466,39.0,2.0,1.0
5,0.0,0.1,0.5,13.519504558685227,15.0,2.0,1.0
6,0.0,0.1,0.5,14.321797094866815,7.0,2.0,1.0
7,0.0,0.1,0.5,106.00288180715435,55.0,2.0,1.0
8,0.0,0.1,0.5,103.88310094276314,54.0,2.0,1.0
9,0.0,0.1,0.5,246.44199504561706,107.0,2.0,1.0
10,0.0,0.1,0.5,65.42798138265687,51.0,2.0,1.0
11,0.0,0.1,0.5,81.57236329437495,39.0,2.0,1.0
12,0.0,0.1,0.5,62.068905930812775,32.0,2.0,1.0
13,0.0,0.1,0.5,138.72742189340613,65.0,2.0,1.0
14,0.0,0.1,0.5,149.0740934482421,91.0,2.0,1.0
15,0.0,0.1,0.5,68.0740834155655,34.0,2.0,1.0
16,0.0,0.1,0.5,79.24647105657724,35.0,2.0,1.0
17,0.0,0.1,0.5,17.15448246814313,13.0,2.0,1.0
18,0.0,0.1,0.5,114.37960126724612,51.0,2.0,1.0
19,0.0,0.1,0.5,236.62116292744395,103.0,2.0,1.0
20,0.0,0.1,0.5,58.32350604747378,33.0,2.0,1.0
21,0.0,0.1,0.5,22.669486551764134,7.0,2.0,1.0
22,0.0,0.1,0.5,345.38087689446485,159.0,2.0,1.0
23,0.0,0.1,0.5,371.26265713538646,192.0,2.0,1.0
24,0.0,0.1,0.5,73.34987993995881,37.0,2.0,1.0
25,0.0,0.1,0.5,109.48177663650009,53.0,2.0,1.0
26,0.0,0.1,0.5,366.05819472758407,176.0,2.0,1.0
27,0.0,0.1,0.5,20.444543378288184,13.0,2.0,1.0
28,0.0,0.1,0.5,117.68604658030691,58.0,2.0,1.0
29,0.0,0.1,0.5,411.308263869944,219.0,2.0,1.0
30,0.0,0.1,0.5,72.0874134733878,36.0,2.0,1.0
31,0.0,0.1,0.5,249.26732675532205,134.0,2.0,1.0
32,0.0,0.1,0.5,81.9241027377862,50.0,2.0,1.0
33,0.0,0.1,0.5,15.148403310355569,9.0,2.0,1.0
34,0.0,0.1,0.5,197.1322422091363,111.0,2.0,1.0
35,0.0,0.1,0.5,66.45009099851521,21.0,2.0,1.0
36,0.0,0.1,0.5,28.49011990885468,15.0,2.0,1.0
37,0.0,0.1,0.5,69.98652242743066,39.0,2.0,1.0
38,0.0,0.1,0.5,66.30546982989381,28.0,2.0,1.0
39,0.0,0.1,0.5,599.850652626837,299.0,2.0,1.0
40,0.0,0.1,0.5,35.16944870408968,13.0,2.0,1.0
41,0.0,0.1,0.5,16.499162577680803,7.0,2.0,1.0
42,0.0,0.1,0.5,19.3875853737693,9.0,2.0,1.0
43,0.0,0.1,0.5,256.6285401160841,114.0,2.0,1.0
44,0.0,0.1,0.5,62.84177347942623,31.0,2.0,1.0
45,0.0,0.1,0.5,109.48319549965953,51.0,2.0,1.0
46,0.0,0.1,0.5,109.82522422360664,65.0,2.0,1.0
47,0.0,0.1,0.5,66.68843027332412,41.0,2.0,1.0
48,0.0,0.1,0.5,158.66745100216755,87.0,2.0,1.0
49,0.0,0.1,0.5,15.694177319500673,12.0,2.0,1.0
50,0.0,0.1,0.5,90.36042565911906,40.0,2.0,1.0
51,0.0,0.1,0.5,120.45318570583667,58.0,2.0,1.0
52,0.0,0.1,0.5,311.01619749726103,132.0,2.0,1.0
53,0.0,0.1,0.5,24.841632460249315,6.0,2.0,1.0
54,0.0,0.1,0.5,156.57502226958292,67.0,2.0,1.0
55,0.0,0.1,0.5,26.06299142383476,11.0,2.0,1.0
56,0.0,0.1,0.5,108.97634404267001,49.0,2.0,1.0
57,0.0,0.1,0.5,108.16474559592895,52.0,2.0,1.0
58,0.0,0.1,0.5,16.946359570642514,9.0,2.0,1.0
59,0.0,0.1,0.5,146.48251353721326,66.0,2.0,1.0
60,0.0,0.1,0.5,64.37581518039796,41.0,2.0,1.0
61,0.0,0.1,0.5,15.561090831645393,6.0,2.0,1.0
62,0.0,0.1,0.5,27.53951509213905,8.0,2.0,1.0
63,0.0,0.1,0.5,32.38106675898849,13.0,2.0,1.0
64,0.0,0.1,0.5,16.39806884186622,6.0,2.0,1.0
65,0.0,0.1,0.5,187.11344724041982,95.0,2.0,1.0
66,0.0,0.1,0.5,247.6838194373312,152.0,2.0,1.0
67,0.0,0.1,0.5,662.1338853990954,316.0,2.0,1.0
68,0.0,0.1,0.5,73.37781091668074,22.0,2.0,1.0
69,0.0,0.1,0.5,67.01911940152273,30.0,2.0,1.0
70,0.0,0.1,0.5,145.8458776379412,68.0,2.0,1.0
71,0.0,0.1,0.5,16.539520716001082,8.0,2.0,1.0
72,0.0,0.1,0.5,27.586579167095998,11.0,2.0,1.0
73,0.0,0.1,0.5,92.32025414275367,42.0,2.0,1.0
74,0.0,0.1,0.5,113.83660206802946,67.0,2.0,1.0
75,0.0,0.1,0.5,327.5492905081027,166.0,2.0,1.0
76,0.0,0.1,0.5,32.20397130290905,18.0,2.0,1.0
77,0.0,0.1,0.5,546.1423560491555,258.0,2.0,1.0
78,0.0,0.1,0.5,79.89324302826871,31.0,2.0,1.0
79,0.0,0.1,0.5,96.51182091858013,37.0,2.0,1.0
80,0.0,0.1,0.5,59.422344495976155,27.0,2.0,1.0
81,0.0,0.1,0.5,203.02669800538828,96.0,2.0,1.0
82,0.0,0.1,0.5,64.9664057903236,34.0,2.0,1.0
83,0.0,0.1,0.5,18.223079820711217,8.0,2.0,1.0
84,0.0,0.1,0.5,21.47254127067094,8.0,2.0,1.0
85,0.0,0.1,0.5,24.079148215197755,17.0,2.0,1.0
86,0.0,0.1,0.5,260.3411002339055,123.0,2.0,1.0
87,0.0,0.1,0.5,26.255465630164608,9.0,2.0,1.0
88,0.0,0.1,0.5,78.14944305030222,32.0,2.0,1.0
89,0.0,0.1,0.5,18.72815442140667,11.0,2.0,1.0
90,0.0,0.1,0.5,87.37924107108456,44.0,2.0,1.0
91,0.0,0.1,0.5,17.53258970525854,11.0,2.0,1.0
92,0.0,0.1,0.5,62.373341238001444,33.0,2.0,1.0
93,0.0,0.1,0.5,420.5253541840178,223.0,2.0,1.0
94,0.0,0.1,0.5,66.51563745789636,33.0,2.0,1.0
95,0.0,0.1,0.5,221.92103462460432,131.0,2.0,1.0
96,0.0,0.1,0.5,147.80077319596668,66.0,2.0,1.0
97,0.0,0.1,0.5,455.40565170968387,231.0,2.0,1.0
98,0.0,0.1,0.5,16.1947124155471,5.0,2.0,1.0
99,0.0,0.1,0.5,43.15287941397477,24.0,2.0,1.0
100,0.0,0.1,0.5,125.49912808650338,58.0,2.0,1.0
101,0.0,0.1,0.5,193.45018310549005,96.0,2.0,1.0
102,0.0,0.1,0.5,70.54521736802563,36.0,2.0,1.0
103,0.0,0.1,0.5,74.18717152017408,35.0,2.0,1.0
104,0.0,0.1,0.5,24.565731085119825,3.0,2.0,1.0
105,0.0,0.1,0.5,45.99213042950775,22.0,2.0,1.0
106,0.0,0.1,0.5,41.69740232199346,16.0,2.0,1.0
107,0.0,0.1,0.5,108.40049053800988,44.0,2.0,1.0
108,0.0,0.1,0.5,23.65359125158125,10.0,2.0,1.0
109,0.0,0.1,0.5,192.88880695668178,90.0,2.0,1.0
110,0.0,0.1,0.5,110.58269116928896,52.0,2.0,1.0
111,0.0,0.1,0.5,92.61213008586685,47.0,2.0,1.0
112,0.0,0.1,0.5,196.70821679848476,88.0,2.0,1.0
113,0.0,0.1,0.5,41.47198103457437,15.0,2.0,1.0
114,0.0,0.1,0.5,36.7920240527537,15.0,2.0,1.0
115,0.0,0.1,0.5,66.87401060270474,33.0,2.0,1.0
116,0.0,0.1,0.5,207.79688138327816,88.0,2.0,1.0
117,0.0,0.1,0.5,243.12996463500994,118.0,2.0,1.0
118,0.0,0.1,0.5,60.368146756696895,27.0,2.0,1.0
119,0.0,0.1,0.5,194.49765059629772,112.0,2.0,1.0
120,0.0,0.1,0.5,63.08170014836439,28.0,2.0,1.0
121,0.0,0.1,0.5,38.26690591913995,23.0,2.0,1.0
122,0.0,0.1,0.5,18.34082435134609,9.0,2.0,1.0
123,0.0,0.1,0.5,627.0591905888792,320.0,2.0,1.0
124,0.0,0.1,0.5,72.51820944058235,38.0,2.0,1.0
125,0.0,0.1,0.5,108.736383098879,54.0,2.0,1.0
126,0.0,0.1,0.5,43.12071703308574,17.0,2.0,1.0
127,0.0,0.1,0.5,423.96466938182346,225.0,2.0,1.0
128,0.0,0.1,0.5,16.113250465010562,7.0,2.0,1.0
129,0.0,0.1,0.5,295.37110073527344,144.0,2.0,1.0
130,0.0,0.1,0.5,110.12586836479359,53.0,2.0,1.0
131,0.0,0.1,0.5,22.550003156613432,11.0,2.0,1.0
132,0.0,0.1,0.5,24.282703897401678,15.0,2.0,1.0
133,0.0,0.1,0.5,41.89744164621624,26.0,2.0,1.0
134,0.0,0.1,0.5,185.1679936485538,87.0,2.0,1.0
135,0.0,0.1,0.5,289.7368592262763,156.0,2.0,1.0
136,0.0,0.1,0.5,27.448056535676535,21.0,2.0,1.0
137,0.0,0.1,0.5,205.22613395028995,111.0,2.0,1.0
138,0.0,0.1,0.5,871.5498663028937,420.0,2.0,1.0
139,0.0,0.1,0.5,70.52818426919205,40.0,2.0,1.0
140,0.0,0.1,0.5,62.917373584245944,27.0,2.0,1.0
141,0.0,0.1,0.5,19.055843270859583,5.0,2.0,1.0
142,0.0,0.1,0.5,212.2994997631653,116.0,2.0,1.0
143,0.0,0.1,0.5,19.07869829252388,8.0,2.0,1.0
144,0.0,0.1,0.5,91.97645907012456,43.0,2.0,1.0
145,0.0,0.1,0.5,80.38383036954583,49.0,2.0,1.0
146,0.0,0.1,0.5,313.26107298613886,173.0,2.0,1.0
147,0.0,0.1,0.5,25.88663223497251,13.0,2.0,1.0
148,0.0,0.1,0.5,76.3294410109963,31.0,2.0,1.0
149,0.0,0.1,0.5,248.23596389623575,125.0,2.0,1.0
150,0.0,0.1,0.5,25.300967672316805,9.0,2.0,1.0
151,0.0,0.1,0.5,358.9312918798887,178.0,2.0,1.0
152,0.0,0.1,0.5,425.33307136656794,225.0,2.0,1.0
153,0.0,0.1,0.5,23.812120716588225,8.0,2.0,1.0
154,0.0,0.1,0.5,116.09347742127893,56.0,2.0,1.0
155,0.0,0.1,0.5,54.89452567909678,27.0,2.0,1.0
156,0.0,0.1,0.5,179.33734117378432,90.0,2.0,1.0
157,0.0,0.1,0.5,22.586730980712176,7.0,2.0,1.0
158,0.0,0.1,0.5,105.84136409178234,47.0,2.0,1.0
159,0.0,0.1,0.5,205.36282963120416,103.0,2.0,1.0
160,0.0,0.1,0.5,197.5520743483777,98.0,2.0,1.0
161,0.0,0.1,0.5,48.306201489560976,29.0,2.0,1.0
162,0.0,0.1,0.5,143.92469616332258,74.0,2.0,1.0
163,0.0,0.1,0.5,145.79654792091858,72.0,2.0,1.0
164,0.0,0.1,0.5,21.52161668178241,17.0,2.0,1.0
165,0.0,0.1,0.5,17.621312723394567,7.0,2.0,1.0
166,0.0,0.1,0.5,21.748836431915855,14.0,2.0,1.0
167,0.0,0.1,0.5,28.44403241451938,20.0,2.0,1.0
168,0.0,0.1,0.5,41.480158150259406,23.0,2.0,1.0
169,0.0,0.1,0.5,209.50342686208708,120.0,2.0,1.0
170,0.0,0.1,0.5,90.56303782305466,58.0,2.0,1.0
171,0.0,0.1,0.5,631.7293643862071,294.0,2.0,1.0
172,0.0,0.1,0.5,67.9568381971879,35.0,2.0,1.0
173,0.0,0.1,0.5,69.19996110061655,22.0,2.0,1.0
174,0.0,0.1,0.5,60.57567187340101,39.0,2.0,1.0
175,0.0,0.1,0.5,1038.4690599650755,500.0,2.0,1.0
176,0.0,0.1,0.5,15.352535179499773,11.0,2.0,1.0
177,0.0,0.1,0.5,147.2647727360684,64.0,2.0,1.0
178,0.0,0.1,0.5,370.1669950882861,199.0,2.0,1.0
179,0.0,0.1,0.5,199.1637971956824,103.0,2.0,1.0
180,0.0,0.1,0.5,49.88973648741481,20.0,2.0,1.0
181,0.0,0.1,0.5,159.7133318239825,83.0,2.0,1.0
182,0.0,0.1,0.5,27.132515654207964,14.0,2.0,1.0
183,0.0,0.1,0.5,71.672369569382,40.0,2.0,1.0
184,0.0,0.1,0.5,27.153690682474608,18.0,2.0,1.0
185,0.0,0.1,0.5,157.8101737706736,70.0,2.0,1.0
186,0.0,0.1,0.5,22.188104360157297,7.0,2.0,1.0
187,0.0,0.1,0.5,927.1866813960773,456.0,2.0,1.0
188,0.0,0.1,0.5,29.135531511631413,11.0,2.0,1.0
189,0.0,0.1,0.5,33.129679141865694,18.0,2.0,1.0
190,0.0,0.1,0.5,297.53509130484,130.0,2.0,1.0
191,0.0,0.1,0.5,88.88986583522463,49.0,2.0,1.0
192,0.0,0.1,0.5,33.383617780511855,21.0,2.0,1.0
193,0.0,0.1,0.5,99.63920236277056,55.0,2.0,1.0
194,0.0,0.1,0.5,68.11215320297603,27.0,2.0,1.0
195,0.0,0.1,0.5,24.103484421205813,7.0,2.0,1.0
196,0.0,0.1,0.5,144.48225358774945,77.0,2.0,1.0
197,0.0,0.1,0.5,43.74370226743741,17.0,2.0,1.0
198,0.0,0.1,0.5,160.90653105717806,98.0,2.0,1.0
199,0.0,0.1,0.5,114.04546490352357,61.0,2.0,1.0
200,0.0,0.1,0.5,354.5079038670693,179.0,2.0,1.0
201,0.0,0.1,0.5,24.92247005226678,8.0,2.0,1.0
202,0.0,0.1,0.5,30.38453604687754,14.0,2.0,1.0
203,0.0,0.1,0.5,112.34474778857151,59.0,2.0,1.0
204,0.0,0.1,0.5,202.6210479412333,99.0,2.0,1.0
205,0.0,0.1,0.5,193.84208105500758,89.0,2.0,1.0
206,0.0,0.1,0.5,419.0192316882527,191.0,2.0,1.0
207,0.0,0.1,0.5,246.24652968427233,125.0,2.0,1.0
208,0.0,0.1,0.5,121.97756053916736,67.0,2.0,1.0
209,0.0,0.1,0.5,104.78961258427522,61.0,2.0,1.0
210,0.0,0.1,0.5,165.8823647713705,78.0,2.0,1.0
211,0.0,0.1,0.5,18.851132706595834,13.0,2.0,1.0
212,0.0,0.1,0.5,66.26937309100995,28.0,2.0,1.0
213,0.0,0.1,0.5,13.915294123317524,8.0,2.0,1.0
214,0.0,0.1,0.5,247.98196592312885,122.0,2.0,1.0
215,0.0,0.1,0.5,71.65712200409457,39.0,2.0,1.0
216,0.0,0.1,0.5,104.67595890824063,35.0,2.0,1.0
217,0.0,0.1,0.5,422.2434779256674,206.0,2.0,1.0
218,0.0,0.1,0.5,123.09877461950028,58.0,2.0,1.0
219,0.0,0.1,0.5,245.66176469883405,135.0,2.0,1.0
220,0.0,0.1,0.5,72.4543166842869,28.0,2.0,1.0
221,0.0,0.1,0.5,98.18242707988912,54.0,2.0,1.0
222,0.0,0.1,0.5,62.66823110955751,36.0,2.0,1.0
223,0.0,0.1,0.5,10.98933965073139,1.0,1.0,1.0
224,0.0,0.1,0.5,9.012075713898291,7.0,2.0,1.0
225,0.0,0.1,0.5,219.857648994969,129.0,2.0,1.0
226,0.0,0.1,0.5,92.02846201555661,36.0,2.0,1.0
227,0.0,0.1,0.5,560.2088337705103,270.0,2.0,1.0
228,0.0,0.1,0.5,229.4207080038779,113.0,2.0,1.0
229,0.0,0.1,0.5,384.7815984581824,214.0,2.0,1.0
230,0.0,0.1,0.5,166.44857653132436,74.0,2.0,1.0
231,0.0,0.1,0.5,80.80019541747635,35.0,2.0,1.0
232,0.0,0.1,0.5,15.061273428510832,5.0,2.0,1.0
233,0.0,0.1,0.5,163.018690569167,94.0,2.0,1.0
234,0.0,0.1,0.5,63.508447939133845,31.0,2.0,1.0
235,0.0,0.1,0.5,225.72742515485072,108.0,2.0,1.0
236,0.0,0.1,0.5,89.38732347886977,40.0,2.0,1.0
237,0.0,0.1,0.5,12.206605186535313,8.0,2.0,1.0
238,0.0,0.1,0.5,104.76572372582831,54.0,2.0,1.0
239,0.0,0.1,0.5,359.848293224458,163.0,2.0,1.0
240,0.0,0.1,0.5,231.35967117197302,102.0,2.0,1.0
241,0.0,0.1,0.5,329.90360167493,164.0,2.0,1.0
242,0.0,0.1,0.5,111.30621370692529,58.0,2.0,1.0
243,0.0,0.1,0.5,161.59938853746067,103.0,2.0,1.0
244,0.0,0.1,0.5,13.669162483552112,7.0,2.0,1.0
245,0.0,0.1,0.5,62.934805475612826,27.0,2.0,1.0
246,0.0,0.1,0.5,101.13369675409811,47.0,2.0,1.0
247,0.0,0.1,0.5,15.559700453011786,9.0,2.0,1.0
248,0.0,0.1,0.5,81.55139363957326,28.0,2.0,1.0
249,0.0,0.1,0.5,21.168671708273806,16.0,2.0,1.0
250,0.0,0.1,0.5,37.19101354758939,20.0,2.0,1.0
251,0.0,0.1,0.5,151.4699934834328,82.0,2.0,1.0
252,0.0,0.1,0.5,156.48265185442878,68.0,2.0,1.0
253,0.0,0.1,0.5,19.813629185618307,15.0,2.0,1.0
254,0.0,0.1,0.5,60.6485762616574,30.0,2.0,1.0
255,0.0,0.1,0.5,28.679710292043104,17.0,2.0,1.0
256,0.0,0.1,0.5,47.50031216322406,17.0,2.0,1.0
257,0.0,0.1,0.5,369.10266029159493,179.0,2.0,1.0
258,0.0,0.1,0.5,140.58206293363094,67.0,2.0,1.0
259,0.0,0.1,0.5,235.60775842516568,120.0,2.0,1.0
260,0.0,0.1,0.5,16.76381383293512,6.0,2.0,1.0
261,0.0,0.1,0.5,28.164906588483113,16.0,2.0,1.0
262,0.0,0.1,0.5,16.1134334812354,7.0,2.0,1.0
263,0.0,0.1,0.5,17.91062583844298,11.0,2.0,1.0
264,0.0,0.1,0.5,27.641193684671315,10.0,2.0,1.0
265,0.0,0.1,0.5,68.63695364690794,39.0,2.0,1.0
266,0.0,0.1,0.5,412.3441636694957,188.0,2.0,1.0
267,0.0,0.1,0.5,66.93188412902376,39.0,2.0,1.0
268,0.0,0.1,0.5,47.30190998767057,21.0,2.0,1.0
269,0.0,0.1,0.5,28.340262840939438,12.0,2.0,1.0
270,0.0,0.1,0.5,76.64122459599662,39.0,2.0,1.0
271,0.0,0.1,0.5,62.611633504621054,31.0,2.0,1.0
272,0.0,0.1,0.5,29.24113555345234,12.0,2.0,1.0
273,0.0,0.1,0.5,112.00190689402535,53.0,2.0,1.0
274,0.0,0.1,0.5,55.83761240609926,24.0,2.0,1.0
275,0.0,0.1,0.5,40.72851729259274,11.0,2.0,1.0
276,0.0,0.1,0.5,243.28024127036576,110.0,2.0,1.0
277,0.0,0.1,0.5,21.33150665232243,10.0,2.0,1.0
278,0.0,0.1,0.5,21.70856030671274,9.0,2.0,1.0
279,0.0,0.1,0.5,21.18538271721828,6.0,2.0,1.0
280,0.0,0.1,0.5,213.15048558482246,116.0,2.0,1.0
281,0.0,0.1,0.5,35.801633638307756,20.0,2.0,1.0
282,0.0,0.1,0.5,101.81955868494497,53.0,2.0,1.0
283,0.0,0.1,0.5,314.13152759219986,142.0,2.0,1.0
284,0.0,0.1,0.5,100.14417892894565,44.0,2.0,1.0
285,0.0,0.1,0.5,72.78885307851984,36.0,2.0,1.0
286,0.0,0.1,0.5,223.16455929041578,126.0,2.0,1.0
287,0.0,0.1,0.5,27.402095998353875,11.0,2.0,1.0
288,0.0,0.1,0.5,14.928166769275467,7.0,2.0,1.0
289,0.0,0.1,0.5,190.2436899604909,93.0,2.0,1.0
290,0.0,0.1,0.5,78.2007822830795,51.0,2.0,1.0
291,0.0,0.1,0.5,12.864342349279918,4.0,2.0,1.0
292,0.0,0.1,0.5,16.576962636981275,3.0,2.0,1.0
293,0.0,0.1,0.5,450.9278947792673,216.0,2.0,1.0
294,0.0,0.1,0.5,229.96963347880063,121.0,2.0,1.0
295,0.0,0.1,0.5,62.666860257842686,36.0,2.0,1.0
296,0.0,0.1,0.5,111.27501572832801,47.0,2.0,1.0
297,0.0,0.1,0.5,325.78921887148107,162.0,2.0,1.0
298,0.0,0.1,0.5,92.00720720277269,41.0,2.0,1.0
299,0.0,0.1,0.5,31.514311810135105,12.0,2.0,1.0
300,0.0,0.1,0.5,42.27052429629302,14.0,2.0,1.0
301,0.0,0.1,0.5,14.574965504615864,9.0,2.0,1.0
302,0.0,0.1,0.5,116.994503341806,57.0,2.0,1.0
303,0.0,0.1,0.5,143.5860710177018,62.0,2.0,1.0
304,0.0,0.1,0.5,114.17310617494374,50.0,2.0,1.0
305,0.0,0.1,0.5,22.318683511291106,6.0,2.0,1.0
306,0.0,0.1,0.5,49.37911047140485,18.0,2.0,1.0
307,0.0,0.1,0.5,57.99273088949082,26.0,2.0,1.0
308,0.0,0.1,0.5,28.132807195268622,14.0,2.0,1.0
309,0.0,0.1,0.5,320.9670691346514,173.0,2.0,1.0
310,0.0,0.1,0.5,44.051429620688054,29.0,2.0,1.0
311,0.0,0.1,0.5,24.694617851801944,11.0,2.0,1.0
312,0.0,0.1,0.5,17.039484494039733,13.0,2.0,1.0
313,0.0,0.1,0.5,63.50750538578561,38.0,2.0,1.0
314,0.0,0.1,0.5,83.57278649419376,51.0,2.0,1.0
315,0.0,0.1,0.5,326.6821129210412,148.0,2.0,1.0
316,0.0,0.1,0.5,107.64097193667058,62.0,2.0,1.0
317,0.0,0.1,0.5,25.34441456683954,12.0,2.0,1.0
318,0.0,0.1,0.5,271.3796870187088,134.0,2.0,1.0
319,0.0,0.1,0.5,60.215022952279426,35.0,2.0,1.0
320,0.0,0.1,0.5,46.89353210833327,22.0,2.0,1.0
321,0.0,0.1,0.5,78.49715538006238,42.0,2.0,1.0
322,0.0,0.1,0.5,16.540643951019813,8.0,2.0,1.0
323,0.0,0.1,0.5,69.35517252942313,29.0,2.0,1.0
324,0.0,0.1,0.5,66.24777592624542,35.0,2.0,1.0
325,0.0,0.1,0.5,107.05512169471697,56.0,2.0,1.0
326,0.0,0.1,0.5,29.525967975845283,20.0,2.0,1.0
327,0.0,0.1,0.5,188.8476183735536,112.0,2.0,1.0
328,0.0,0.1,0.5,28.65370886814197,17.0,2.0,1.0
329,0.0,0.1,0.5,63.775377444643524,23.0,2.0,1.0
330,0.0,0.1,0.5,358.37903058704256,191.0,2.0,1.0
331,0.0,0.1,0.5,282.00731489531637,148.0,2.0,1.0
332,0.0,0.1,0.5,575.2068768140664,265.0,2.0,1.0
333,0.0,0.1,0.5,245.12597484549624,132.0,2.0,1.0
334,0.0,0.1,0.5,30.700280779847873,19.0,2.0,1.0
335,0.0,0.1,0.5,262.2274094768659,131.0,2.0,1.0
336,0.0,0.1,0.5,90.71862631246114,43.0,2.0,1.0
337,0.0,0.1,0.5,534.7831569310285,250.0,2.0,1.0
338,0.0,0.1,0.5,207.88579424991536,107.0,2.0,1.0
339,0.0,0.1,0.5,27.38857131489597,10.0,2.0,1.0
340,0.0,0.1,0.5,79.64869466195145,39.0,2.0,1.0
341,0.0,0.1,0.5,18.874263720081657,20.0,2.0,1.0
342,0.0,0.1,0.5,398.7803653369729,189.0,2.0,1.0
343,0.0,0.1,0.5,323.22849400143485,157.0,2.0,1.0
344,0.0,0.1,0.5,26.724300317097462,13.0,2.0,1.0
345,0.0,0.1,0.5,18.707443364298136,10.0,2.0,1.0
346,0.0,0.1,0.5,973.0079321227139,480.0,2.0,1.0
347,0.0,0.1,0.5,62.1479999849765,35.0,2.0,1.0
348,0.0,0.1,0.5,63.19942354327997,28.0,2.0,1.0
349,0.0,0.1,0.5,14.17624910495471,9.0,2.0,1.0
350,0.0,0.1,0.5,23.710516448315612,11.0,2.0,1.0
351,0.0,0.1,0.5,24.906454963688066,13.0,2.0,1.0
352,0.0,0.1,0.5,23.395357181814745,17.0,2.0,1.0
353,0.0,0.1,0.5,18.549730873595166,10.0,2.0,1.0
354,0.0,0.1,0.5,158.53100750039042,84.0,2.0,1.0
355,0.0,0.1,0.5,45.67087646324398,24.0,2.0,1.0
356,0.0,0.1,0.5,26.630252829120955,10.0,2.0,1.0
357,0.0,0.1,0.5,78.79444743508954,31.0,2.0,1.0
358,0.0,0.1,0.5,144.88626600679885,84.0,2.0,1.0
359,0.0,0.1,0.5,81.50939379731622,36.0,2.0,1.0
360,0.0,0.1,0.5,25.648549256839964,15.0,2.0,1.0
361,0.0,0.1,0.5,110.97393410733174,56.0,2.0,1.0
362,0.0,0.1,0.5,243.98787521667046,125.0,2.0,1.0
363,0.0,0.1,0.5,45.53356182181702,10.0,2.0,1.0
364,0.0,0.1,0.5,107.96466110987348,58.0,2.0,1.0
365,0.0,0.1,0.5,16.995572172266332,6.0,2.0,1.0
366,0.0,0.1,0.5,74.02723513601394,48.0,2.0,1.0
367,0.0,0.1,0.5,25.919725742691757,16.0,2.0,1.0
368,0.0,0.1,0.5,240.3517618128888,115.0,2.0,1.0
369,0.0,0.1,0.5,16.570680938263987,12.0,2.0,1.0
370,0.0,0.1,0.5,27.19248060451356,16.0,2.0,1.0
371,0.0,0.1,0.5,19.04686088636754,10.0,2.0,1.0
372,0.0,0.1,0.5,42.21305969619564,25.0,2.0,1.0
373,0.0,0.1,0.5,104.88157840395483,64.0,2.0,1.0
374,0.0,0.1,0.5,162.23739444572757,67.0,2.0,1.0
375,0.0,0.1,0.5,28.343223382118612,7.0,2.0,1.0
376,0.0,0.1,0.5,192.32714600565828,105.0,2.0,1.0
377,0.0,0.1,0.5,24.213706645937144,15.0,2.0,1.0
378,0.0,0.1,0.5,294.1600836058701,143.0,2.0,1.0
379,0.0,0.1,0.5,15.10747451579471,4.0,2.0,1.0
380,0.0,0.1,0.5,103.58867951634419,53.0,2.0,1.0
381,0.0,0.1,0.5,60.32806514326034,30.0,2.0,1.0
382,0.0,0.1,0.5,159.59654358611428,104.0,2.0,1.0
383,0.0,0.1,0.5,28.021664852793126,16.0,2.0,1.0
384,0.0,0.1,0.5,214.79875038928628,95.0,2.0,1.0
385,0.0,0.1,0.5,162.23088036470588,74.0,2.0,1.0
386,0.0,0.1,0.5,26.84216223008961,12.0,2.0,1.0
387,0.0,0.1,0.5,742.6547688209193,348.0,2.0,1.0
388,0.0,0.1,0.5,24.268539428585083,10.0,2.0,1.0
389,0.0,0.1,0.5,22.862070015585694,6.0,2.0,1.0
390,0.0,0.1,0.5,42.29845743701809,19.0,2.0,1.0
391,0.0,0.1,0.5,68.77533361915886,29.0,2.0,1.0
392,0.0,0.1,0.5,19.386495720741735,8.0,2.0,1.0
393,0.0,0.1,0.5,68.2198300040917,28.0,2.0,1.0
394,0.0,0.1,0.5,16.37228232841462,8.0,2.0,1.0
395,0.0,0.1,0.5,117.04690857964856,54.0,2.0,1.0
396,0.0,0.1,0.5,355.2146399239724,178.0,2.0,1.0
397,0.0,0.1,0.5,18.673765548053005,11.0,2.0,1.0
398,0.0,0.1,0.5,82.65792445035474,43.0,2.0,1.0
399,0.0,0.1,0.5,66.2248569304507,27.0,2.0,1.0
400,0.0,0.1,0.5,138.12131044444575,73.0,2.0,1.0
401,0.0,0.1,0.5,161.7693437350476,80.0,2.0,1.0
402,0.0,0.1,0.5,161.32764361662163,90.0,2.0,1.0
403,0.0,0.1,0.5,168.94032422362264,81.0,2.0,1.0
404,0.0,0.1,0.5,37.54487082521088,18.0,2.0,1.0
405,0.0,0.1,0.5,489.4222416635221,240.0,2.0,1.0
406,0.0,0.1,0.5,22.610397440571237,10.0,2.0,1.0
407,0.0,0.1,0.5,37.798834233885145,18.0,2.0,1.0
408,0.0,0.1,0.5,658.9678325293327,324.0,2.0,1.0
409,0.0,0.1,0.5,22.78725444572511,7.0,2.0,1.0
410,0.0,0.1,0.5,49.88091500665208,19.0,2.0,1.0
411,0.0,0.1,0.5,35.256757671199324,15.0,2.0,1.0
412,0.0,0.1,0.5,27.731133067405793,15.0,2.0,1.0
413,0.0,0.1,0.5,37.28014249385094,16.0,2.0,1.0
414,0.0,0.1,0.5,145.5917307617664,63.0,2.0,1.0
415,0.0,0.1,0.5,529.6862020387882,273.0,2.0,1.0
416,0.0,0.1,0.5,231.05618407909003,114.0,2.0,1.0
417,0.0,0.1,0.5,164.41007809503915,67.0,2.0,1.0
418,0.0,0.1,0.5,38.203244987368514,14.0,2.0,1.0
419,0.0,0.1,0.5,21.08110400587426,13.0,2.0,1.0
420,0.0,0.1,0.5,106.543175680726,72.0,2.0,1.0
421,0.0,0.1,0.5,234.43631891560278,96.0,2.0,1.0
422,0.0,0.1,0.5,18.76639702332803,9.0,2.0,1.0
423,0.0,0.1,0.5,16.702051519730794,8.0,2.0,1.0
424,0.0,0.1,0.5,25.219928791511546,13.0,2.0,1.0
425,0.0,0.1,0.5,392.12455219485554,181.0,2.0,1.0
426,0.0,0.1,0.5,29.59305084107672,14.0,2.0,1.0
427,0.0,0.1,0.5,202.4718603216493,103.0,2.0,1.0
428,0.0,0.1,0.5,126.79320970369123,84.0,2.0,1.0
429,0.0,0.1,0.5,83.0571286611671,42.0,2.0,1.0
430,0.0,0.1,0.5,61.791067811069986,29.0,2.0,1.0
431,0.0,0.1,0.5,23.77566958660018,13.0,2.0,1.0
432,0.0,0.1,0.5,13.479101368750232,4.0,2.0,1.0
433,0.0,0.1,0.5,63.438159078703364,38.0,2.0,1.0
434,0.0,0.1,0.5,121.79362222048465,52.0,2.0,1.0
435,0.0,0.1,0.5,66.40655356286838,38.0,2.0,1.0
436,0.0,0.1,0.5,72.40265471961892,42.0,2.0,1.0
437,0.0,0.1,0.5,43.778528943873546,18.0,2.0,1.0
438,0.0,0.1,0.5,140.39275045056004,74.0,2.0,1.0
439,0.0,0.1,0.5,106.60302763624996,49.0,2.0,1.0
440,0.0,0.1,0.5,204.54129841127929,114.0,2.0,1.0
441,0.0,0.1,0.5,81.57971972463896,43.0,2.0,1.0
442,0.0,0.1,0.5,424.38181964076466,218.0,2.0,1.0
443,0.0,0.1,0.5,117.97897382000632,44.0,2.0,1.0
444,0.0,0.1,0.5,214.52127418126796,93.0,2.0,1.0
445,0.0,0.1,0.5,149.12932953701934,80.0,2.0,1.0
446,0.0,0.1,0.5,72.07678602415909,24.0,2.0,1.0
447,0.0,0.1,0.5,64.34704693766494,37.0,2.0,1.0
448,0.0,0.1,0.5,62.75149667260355,37.0,2.0,1.0
449,0.0,0.1,0.5,66.362800013979,33.0,2.0,1.0
450,0.0,0.1,0.5,339.7190699108127,185.0,2.0,1.0
451,0.0,0.1,0.5,201.10022246481657,100.0,2.0,1.0
452,0.0,0.1,0.5,60.973636757774834,26.0,2.0,1.0
453,0.0,0.1,0.5,23.87859187454947,10.0,2.0,1.0
454,0.0,0.1,0.5,451.5082584346048,239.0,2.0,1.0
455,0.0,0.1,0.5,59.40100690383904,28.0,2.0,1.0
456,0.0,0.1,0.5,34.901425193517795,15.0,2.0,1.0
457,0.0,0.1,0.5,87.79792897860733,48.0,2.0,1.0
458,0.0,0.1,0.5,27.520365956304257,12.0,2.0,1.0
459,0.0,0.1,0.5,60.366830235833234,34.0,2.0,1.0
460,0.0,0.1,0.5,29.046132252825974,16.0,2.0,1.0
461,0.0,0.1,0.5,194.20777017952128,83.0,2.0,1.0
462,0.0,0.1,0.5,692.9004060173339,367.0,2.0,1.0
463,0.0,0.1,0.5,20.903895572147587,10.0,2.0,1.0
464,0.0,0.1,0.5,30.789412494505935,13.0,2.0,1.0
465,0.0,0.1,0.5,44.192224897808465,24.0,2.0,1.0
466,0.0,0.1,0.5,95.10608594141527,47.0,2.0,1.0
467,0.0,0.1,0.5,214.99274134299952,103.0,2.0,1.0
468,0.0,0.1,0.5,190.54536520802293,98.0,2.0,1.0
469,0.0,0.1,0.5,33.41433003096165,11.0,2.0,1.0
470,0.0,0.1,0.5,357.65020104905807,190.0,2.0,1.0
471,0.0,0.1,0.5,17.507160555858825,11.0,2.0,1.0
472,0.0,0.1,0.5,15.830167417172513,7.0,2.0,1.0
473,0.0,0.1,0.5,35.657376277272014,20.0,2.0,1.0
474,0.0,0.1,0.5,151.17034560446746,87.0,2.0,1.0
475,0.0,0.1,0.5,198.29752839204173,97.0,2.0,1.0
476,0.0,0.1,0.5,21.955672336396056,9.0,2.0,1.0
477,0.0,0.1,0.5,246.85522883933857,118.0,2.0,1.0
478,0.0,0.1,0.5,60.88374964550203,34.0,2.0,1.0
479,0.0,0.1,0.5,83.44116329509713,45.0,2.0,1.0
480,0.0,0.1,0.5,146.66931231042048,87.0,2.0,1.0
481,0.0,0.1,0.5,110.58601751404419,67.0,2.0,1.0
482,0.0,0.1,0.5,491.8799892827224,244.0,2.0,1.0
483,0.0,0.1,0.5,47.26602738671198,25.0,2.0,1.0
484,0.0,0.1,0.5,203.43267916845397,107.0,2.0,1.0
485,0.0,0.1,0.5,227.82923073498176,109.0,2.0,1.0
486,0.0,0.1,0.5,77.7284564983563,50.0,2.0,1.0
487,0.0,0.1,0.5,126.25970334077384,67.0,2.0,1.0
488,0.0,0.1,0.5,217.3213554672872,102.0,2.0,1.0
489,0.0,0.1,0.5,75.57371114114845,39.0,2.0,1.0
490,0.0,0.1,0.5,27.228090966333525,15.0,2.0,1.0
491,0.0,0.1,0.5,19.78765775637892,9.0,2.0,1.0
492,0.0,0.1,0.5,117.61810614007096,57.0,2.0,1.0
493,0.0,0.1,0.5,246.38056827777297,119.0,2.0,1.0
494,0.0,0.1,0.5,114.59720083761363,46.0,2.0,1.0
495,0.0,0.1,0.5,28.697251017198585,13.0,2.0,1.0
496,0.0,0.1,0.5,703.5529335305705,336.0,2.0,1.0
497,0.0,0.1,0.5,108.73954954242532,43.0,2.0,1.0
498,0.0,0.1,0.5,14.766110359746385,15.0,2.0,1.0
499,0.0,0.1,0.5,27.520653156365185,9.0,2.0,1.0
500,0.0,0.1,0.5,16.811919790649117,6.0,2.0,1.0
501,0.0,0.1,0.5,28.36857311857637,14.0,2.0,1.0
502,0.0,0.1,0.5,162.83999445686592,83.0,2.0,1.0
503,0.0,0.1,0.5,220.56158822596157,112.0,2.0,1.0
504,0.0,0.1,0.5,76.28063081644672,47.0,2.0,1.0
505,0.0,0.1,0.5,879.3696953682775,450.0,2.0,1.0
506,0.0,0.1,0.5,142.77819628553453,76.0,2.0,1.0
507,0.0,0.1,0.5,15.93959774518087,9.0,2.0,1.0
508,0.0,0.1,0.5,27.529780079766038,12.0,2.0,1.0
509,0.0,0.1,0.5,14.344926960217684,9.0,2.0,1.0
510,0.0,0.1,0.5,40.12926499958159,18.0,2.0,1.0
511,0.0,0.1,0.5,16.868327855369678,9.0,2.0,1.0
512,0.0,0.1,0.5,460.9168884619529,215.0,2.0,1.0
513,0.0,0.1,0.5,186.70648408372122,111.0,2.0,1.0
514,0.0,0.1,0.5,71.84893288347467,30.0,2.0,1.0
515,0.0,0.1,0.5,107.27067959257687,65.0,2.0,1.0
516,0.0,0.1,0.5,208.08513532301708,96.0,2.0,1.0
517,0.0,0.1,0.5,58.730245890740996,24.0,2.0,1.0
518,0.0,0.1,0.5,105.22877084347134,41.0,2.0,1.0
519,0.0,0.1,0.5,25.110288727003255,7.0,2.0,1.0
520,0.0,0.1,0.5,65.1428155259602,33.0,2.0,1.0
521,0.0,0.1,0.5,67.33744067200699,28.0,2.0,1.0
522,0.0,0.1,0.5,44.40425659607848,24.0,2.0,1.0
523,0.0,0.1,0.5,45.06607407300773,17.0,2.0,1.0
524,0.0,0.1,0.5,270.4347074028317,140.0,2.0,1.0
525,0.0,0.1,0.5,61.72339786741273,37.0,2.0,1.0
526,0.0,0.1,0.5,152.20358647285173,67.0,2.0,1.0
527,0.0,0.1,0.5,291.86000428708587,161.0,2.0,1.0
528,0.0,0.1,0.5,24.01867008270697,6.0,2.0,1.0
529,0.0,0.1,0.5,156.63010028749085,72.0,2.0,1.0
530,0.0,0.1,0.5,16.939677805979002,10.0,2.0,1.0
531,0.0,0.1,0.5,24.99699781554351,15.0,2.0,1.0
532,0.0,0.1,0.5,22.753395996434712,9.0,2.0,1.0
533,0.0,0.1,0.5,23.92334971103007,18.0,2.0,1.0
534,0.0,0.1,0.5,110.97599735481596,53.0,2.0,1.0
535,0.0,0.1,0.5,24.28323327726415,13.0,2.0,1.0
536,0.0,0.1,0.5,66.65510750466748,29.0,2.0,1.0
537,0.0,0.1,0.5,1594.0798076988983,851.0,2.0,1.0
538,0.0,0.1,0.5,56.72977600476402,28.0,2.0,1.0
539,0.0,0.1,0.5,17.783871634949847,10.0,2.0,1.0
540,0.0,0.1,0.5,485.4604174542951,228.0,2.0,1.0
541,0.0,0.1,0.5,262.9793165403027,104.0,2.0,1.0
542,0.0,0.1,0.5,156.64833064231883,68.0,2.0,1.0
543,0.0,0.1,0.5,94.69180415128139,42.0,2.0,1.0
544,0.0,0.1,0.5,29.513538001457796,21.0,2.0,1.0
545,0.0,0.1,0.5,68.39715748897557,25.0,2.0,1.0
546,0.0,0.1,0.5,103.55501926027928,41.0,2.0,1.0
547,0.0,0.1,0.5,26.04065058108065,16.0,2.0,1.0
548,0.0,0.1,0.5,76.91297809913594,41.0,2.0,1.0
549,0.0,0.1,0.5,161.58471495078908,94.0,2.0,1.0
550,0.0,0.1,0.5,34.01190252144783,20.0,2.0,1.0
551,0.0,0.1,0.5,282.1274225966651,139.0,2.0,1.0
552,0.0,0.1,0.5,17.220407577394194,7.0,2.0,1.0
553,0.0,0.1,0.5,324.3947772236026,193.0,2.0,1.0
554,0.0,0.1,0.5,419.7088810665704,236.0,2.0,1.0
555,0.0,0.1,0.5,83.0270454504138,44.0,2.0,1.0
556,0.0,0.1,0.5,563.3459775617604,279.0,2.0,1.0
557,0.0,0.1,0.5,243.77889093424378,120.0,2.0,1.0
558,0.0,0.1,0.5,34.86469093594196,18.0,2.0,1.0
559,0.0,0.1,0.5,64.37681920619417,29.0,2.0,1.0
560,0.0,0.1,0.5,24.849514795850297,12.0,2.0,1.0
561,0.0,0.1,0.5,499.7954518123309,239.0,2.0,1.0
562,0.0,0.1,0.5,61.87175430970248,26.0,2.0,1.0
563,0.0,0.1,0.5,558.5800966909333,283.0,2.0,1.0
564,0.0,0.1,0.5,52.06876822999862,27.0,2.0,1.0
565,0.0,0.1,0.5,107.04705181063197,45.0,2.0,1.0
566,0.0,0.1,0.5,12.633100386078222,4.0,2.0,1.0
567,0.0,0.1,0.5,122.06414660279944,66.0,2.0,1.0
568,0.0,0.1,0.5,69.44817619843018,32.0,2.0,1.0
569,0.0,0.1,0.5,23.27768671130323,7.0,2.0,1.0
570,0.0,0.1,0.5,745.5383888319571,370.0,2.0,1.0
571,0.0,0.1,0.5,23.84347867502829,17.0,2.0,1.0
572,0.0,0.1,0.5,22.29920117735407,17.0,2.0,1.0
573,0.0,0.1,0.5,20.96375568285517,8.0,2.0,1.0
574,0.0,0.1,0.5,69.28922889123722,38.0,2.0,1.0
575,0.0,0.1,0.5,159.12201888335224,61.0,2.0,1.0
576,0.0,0.1,0.5,244.50403447982237,120.0,2.0,1.0
577,0.0,0.1,0.5,59.09880861993576,33.0,2.0,1.0
578,0.0,0.1,0.5,46.48934656317676,30.0,2.0,1.0
579,0.0,0.1,0.5,72.10468638732291,34.0,2.0,1.0
580,0.0,0.1,0.5,16.222090851621754,11.0,2.0,1.0
581,0.0,0.1,0.5,237.1353510931908,108.0,2.0,1.0
582,0.0,0.1,0.5,163.126646365069,75.0,2.0,1.0
583,0.0,0.1,0.5,109.25156523747768,51.0,2.0,1.0
584,0.0,0.1,0.5,387.8638432625671,213.0,2.0,1.0
585,0.0,0.1,0.5,41.44450044197616,18.0,2.0,1.0
586,0.0,0.1,0.5,82.2004643783975,35.0,2.0,1.0
587,0.0,0.1,0.5,16.618187379974344,5.0,2.0,1.0
588,0.0,0.1,0.5,232.7464838781106,126.0,2.0,1.0
589,0.0,0.1,0.5,198.41946431400305,108.0,2.0,1.0
590,0.0,0.1,0.5,109.62897963652561,63.0,2.0,1.0
591,0.0,0.1,0.5,110.87890305752121,63.0,2.0,1.0
592,0.0,0.1,0.5,25.62562058525966,11.0,2.0,1.0
593,0.0,0.1,0.5,13.520380256278651,5.0,2.0,1.0
594,0.0,0.1,0.5,25.930788107797127,9.0,2.0,1.0
595,0.0,0.1,0.5,14.803539942476032,9.0,2.0,1.0
596,0.0,0.1,0.5,46.89655085438637,21.0,2.0,1.0
597,0.0,0.1,0.5,22.595333828437134,11.0,2.0,1.0
598,0.0,0.1,0.5,23.583347742909673,3.0,2.0,1.0
599,0.0,0.1,0.5,14.96044336583564,8.0,2.0,1.0
600,0.0,0.1,0.5,12.595725652583056,7.0,2.0,1.0
601,0.0,0.1,0.5,80.1227287685112,34.0,2.0,1.0
602,0.0,0.1,0.5,61.4791919179203,27.0,2.0,1.0
603,0.0,0.1,0.5,63.01464988254008,21.0,2.0,1.0
604,0.0,0.1,0.5,8.797342211126747,6.0,2.0,1.0
605,0.0,0.1,0.5,19.578339562476387,9.0,2.0,1.0
606,0.0,0.1,0.5,24.545247628241203,11.0,2.0,1.0
607,0.0,0.1,0.5,12.44075453206694,5.0,2.0,1.0
608,0.0,0.1,0.5,27.14535013695702,6.0,2.0,1.0
609,0.0,0.1,0.5,18.760597798902136,7.0,2.0,1.0
610,0.0,0.1,0.5,925.602693323367,485.0,2.0,1.0
611,0.0,0.1,0.5,322.8158577935477,156.0,2.0,1.0
612,0.0,0.1,0.5,45.74923583599954,29.0,2.0,1.0
613,0.0,0.1,0.5,62.63142264280357,20.0,2.0,1.0
614,0.0,0.1,0.5,163.11806314938661,79.0,2.0,1.0
615,0.0,0.1,0.5,33.34284220982348,22.0,2.0,1.0
616,0.0,0.1,0.5,435.25929648555365,214.0,2.0,1.0
617,0.0,0.1,0.5,198.91188278557945,89.0,2.0,1.0
618,0.0,0.1,0.5,44.378532714974924,27.0,2.0,1.0
619,0.0,0.1,0.5,419.7472269473693,220.0,2.0,1.0
620,0.0,0.1,0.5,68.92195253144547,43.0,2.0,1.0
621,0.0,0.1,0.5,148.94335402216586,78.0,2.0,1.0
622,0.0,0.1,0.5,150.22194623808144,78.0,2.0,1.0
623,0.0,0.1,0.5,48.115279758165244,22.0,2.0,1.0
624,0.0,0.1,0.5,76.21888659222267,29.0,2.0,1.0
625,0.0,0.1,0.5,21.207103975434624,16.0,2.0,1.0
626,0.0,0.1,0.5,63.25561790652459,28.0,2.0,1.0
627,0.0,0.1,0.5,19.05704635230098,6.0,2.0,1.0
628,0.0,0.1,0.5,157.6875020577724,80.0,2.0,1.0
629,0.0,0.1,0.5,70.57072229630684,29.0,2.0,1.0
630,0.0,0.1,0.5,62.04445972890871,27.0,2.0,1.0
631,0.0,0.1,0.5,59.34535450772164,38.0,2.0,1.0
632,0.0,0.1,0.5,24.71860871174693,14.0,2.0,1.0
633,0.0,0.1,0.5,18.3220191768199,6.0,2.0,1.0
634,0.0,0.1,0.5,39.691095594411884,22.0,2.0,1.0
635,0.0,0.1,0.5,25.170398973512086,6.0,2.0,1.0
636,0.0,0.1,0.5,438.3011078018122,213.0,2.0,1.0
637,0.0,0.1,0.5,196.47250266835906,100.0,2.0,1.0
638,0.0,0.1,0.5,19.204153083642254,12.0,2.0,1.0
639,0.0,0.1,0.5,38.70226119633578,11.0,2.0,1.0
640,0.0,0.1,0.5,103.27235395591033,42.0,2.0,1.0
641,0.0,0.1,0.5,75.01714413119511,37.0,2.0,1.0
642,0.0,0.1,0.5,23.441875816974687,7.0,2.0,1.0
643,0.0,0.1,0.5,170.81771019134942,91.0,2.0,1.0
644,0.0,0.1,0.5,18.53988218637381,7.0,2.0,1.0
645,0.0,0.1,0.5,234.17724623015144,131.0,2.0,1.0
646,0.0,0.1,0.5,71.28778455550074,48.0,2.0,1.0
647,0.0,0.1,0.5,24.97999950699766,9.0,2.0,1.0
648,0.0,0.1,0.5,17.608406122209296,8.0,2.0,1.0
649,0.0,0.1,0.5,183.74871232254316,115.0,2.0,1.0
650,0.0,0.1,0.5,76.99770293606336,39.0,2.0,1.0
651,0.0,0.1,0.5,24.933253573249218,13.0,2.0,1.0
652,0.0,0.1,0.5,20.168728887977885,13.0,2.0,1.0
653,0.0,0.1,0.5,61.888087470657766,24.0,2.0,1.0
654,0.0,0.1,0.5,512.3864656553885,237.0,2.0,1.0
655,0.0,0.1,0.5,241.9664934813565,133.0,2.0,1.0
656,0.0,0.1,0.5,244.28382723109402,122.0,2.0,1.0
657,0.0,0.1,0.5,38.356558216105725,25.0,2.0,1.0
658,0.0,0.1,0.5,202.59151864153222,92.0,2.0,1.0
659,0.0,0.1,0.5,119.83711987891284,56.0,2.0,1.0
660,0.0,0.1,0.5,17.52312333746947,6.0,2.0,1.0
661,0.0,0.1,0.5,116.82309345479642,61.0,2.0,1.0
662,0.0,0.1,0.5,27.86281341930698,12.0,2.0,1.0
663,0.0,0.1,0.5,58.05265137640949,29.0,2.0,1.0
664,0.0,0.1,0.5,15.459952644715079,9.0,2.0,1.0
665,0.0,0.1,0.5,147.95393103720704,88.0,2.0,1.0
666,0.0,0.1,0.5,58.55940128265409,37.0,2.0,1.0
667,0.0,0.1,0.5,80.73517446535234,44.0,2.0,1.0
668,0.0,0.1,0.5,406.4362335663095,191.0,2.0,1.0
669,0.0,0.1,0.5,100.49915729683903,55.0,2.0,1.0
670,0.0,0.1,0.5,238.56886373694027,114.0,2.0,1.0
671,0.0,0.1,0.5,42.47292148933872,20.0,2.0,1.0
672,0.0,0.1,0.5,219.16044187426758,106.0,2.0,1.0
673,0.0,0.1,0.5,61.38365297708858,46.0,2.0,1.0
674,0.0,0.1,0.5,23.006033522244692,11.0,2.0,1.0
675,0.0,0.1,0.5,69.02217673491658,39.0,2.0,1.0
676,0.0,0.1,0.5,73.72208199988296,32.0,2.0,1.0
677,0.0,0.1,0.5,239.2011240086853,110.0,2.0,1.0
678,0.0,0.1,0.5,142.24680837332374,65.0,2.0,1.0
679,0.0,0.1,0.5,24.148832046118823,14.0,2.0,1.0
680,0.0,0.1,0.5,445.4019847510566,217.0,2.0,1.0
681,0.0,0.1,0.5,22.5033562644642,14.0,2.0,1.0
682,0.0,0.1,0.5,11.192873951592201,2.0,2.0,1.0
683,0.0,0.1,0.5,22.8067996025177,11.0,2.0,1.0
684,0.0,0.1,0.5,62.92185522779331,22.0,2.0,1.0
685,0.0,0.1,0.5,81.78760462206414,45.0,2.0,1.0
686,0.0,0.1,0.5,195.25152031688782,104.0,2.0,1.0
687,0.0,0.1,0.5,13.240103176914953,6.0,2.0,1.0
688,0.0,0.1,0.5,80.35453967609718,30.0,2.0,1.0
689,0.0,0.1,0.5,20.18796020330879,16.0,2.0,1.0
690,0.0,0.1,0.5,118.642383318979,66.0,2.0,1.0
691,0.0,0.1,0.5,201.09124148635226,109.0,2.0,1.0
692,0.0,0.1,0.5,86.27386414711745,50.0,2.0,1.0
693,0.0,0.1,0.5,338.1832525583186,172.0,2.0,1.0
694,0.0,0.1,0.5,148.9311420663462,64.0,2.0,1.0
695,0.0,0.1,0.5,79.68430743508048,45.0,2.0,1.0
696,0.0,0.1,0.5,26.99521098876783,9.0,2.0,1.0
697,0.0,0.1,0.5,29.419003732549353,14.0,2.0,1.0
698,0.0,0.1,0.5,71.92171007154602,39.0,2.0,1.0
699,0.0,0.1,0.5,30.729297695842646,14.0,2.0,1.0
700,0.0,0.1,0.5,154.2585541311708,78.0,2.0,1.0
701,0.0,0.1,0.5,120.61982587697246,57.0,2.0,1.0
702,0.0,0.1,0.5,108.95122135566488,57.0,2.0,1.0
703,0.0,0.1,0.5,255.99871441745702,128.0,2.0,1.0
704,0.0,0.1,0.5,64.51932538763383,30.0,2.0,1.0
705,0.0,0.1,0.5,58.54089228466184,21.0,2.0,1.0
706,0.0,0.1,0.5,18.34476393435038,10.0,2.0,1.0
707,0.0,0.1,0.5,25.041878332864965,7.0,2.0,1.0
708,0.0,0.1,0.5,49.8990191085227,27.0,2.0,1.0
709,0.0,0.1,0.5,51.274179817620215,37.0,2.0,1.0
710,0.0,0.1,0.5,482.5488249425889,218.0,2.0,1.0
711,0.0,0.1,0.5,198.15215570272375,97.0,2.0,1.0
712,0.0,0.1,0.5,34.945307806407364,14.0,2.0,1.0
713,0.0,0.1,0.5,25.332467509875908,10.0,2.0,1.0
714,0.0,0.1,0.5,19.80932993858658,10.0,2.0,1.0
715,0.0,0.1,0.5,22.663645884191897,8.0,2.0,1.0
716,0.0,0.1,0.5,171.30530987478062,91.0,2.0,1.0
717,0.0,0.1,0.5,73.40763729764136,34.0,2.0,1.0
718,0.0,0.1,0.5,215.45368438622995,93.0,2.0,1.0
719,0.0,0.1,0.5,460.54773706902944,221.0,2.0,1.0
720,0.0,0.1,0.5,105.91124086505478,42.0,2.0,1.0
721,0.0,0.1,0.5,22.43208223096501,9.0,2.0,1.0
722,0.0,0.1,0.5,40.40825458608613,20.0,2.0,1.0
723,0.0,0.1,0.5,101.05992323766908,49.0,2.0,1.0
724,0.0,0.1,0.5,33.47679350012206,21.0,2.0,1.0
725,0.0,0.1,0.5,49.428217169434575,30.0,2.0,1.0
726,0.0,0.1,0.5,423.6083694036999,194.0,2.0,1.0
727,0.0,0.1,0.5,75.67256155539832,39.0,2.0,1.0
728,0.0,0.1,0.5,26.018170073990703,11.0,2.0,1.0
729,0.0,0.1,0.5,13.105174038397362,8.0,2.0,1.0
730,0.0,0.1,0.5,31.15813336524335,20.0,2.0,1.0
731,0.0,0.1,0.5,153.66302575611388,73.0,2.0,1.0
732,0.0,0.1,0.5,701.7180475987016,372.0,2.0,1.0
733,0.0,0.1,0.5,56.28743515945634,27.0,2.0,1.0
734,0.0,0.1,0.5,111.33057588979014,47.0,2.0,1.0
735,0.0,0.1,0.5,598.9394031978798,273.0,2.0,1.0
736,0.0,0.1,0.5,13.497511911709566,12.0,2.0,1.0
737,0.0,0.1,0.5,206.98696543357778,104.0,2.0,1.0
738,0.0,0.1,0.5,142.00784752099926,80.0,2.0,1.0
739,0.0,0.1,0.5,22.40597515101345,7.0,2.0,1.0
740,0.0,0.1,0.5,55.52060281320475,30.0,2.0,1.0
741,0.0,0.1,0.5,24.085710662924257,9.0,2.0,1.0
742,0.0,0.1,0.5,19.75632797103785,12.0,2.0,1.0
743,0.0,0.1,0.5,25.320647483371495,13.0,2.0,1.0
744,0.0,0.1,0.5,41.82266369792022,24.0,2.0,1.0
745,0.0,0.1,0.5,78.49691639911437,40.0,2.0,1.0
746,0.0,0.1,0.5,26.568809703301035,10.0,2.0,1.0
747,0.0,0.1,0.5,69.94516904686533,30.0,2.0,1.0
748,0.0,0.1,0.5,79.55935260554965,34.0,2.0,1.0
749,0.0,0.1,0.5,287.5387273745488,139.0,2.0,1.0
750,0.0,0.1,0.5,200.9231971307868,110.0,2.0,1.0
751,0.0,0.1,0.5,39.81671483221295,24.0,2.0,1.0
752,0.0,0.1,0.5,17.416308375372328,8.0,2.0,1.0
753,0.0,0.1,0.5,471.0429776988398,232.0,2.0,1.0
754,0.0,0.1,0.5,20.373030137579924,9.0,2.0,1.0
755,0.0,0.1,0.5,67.30993745553562,48.0,2.0,1.0
756,0.0,0.1,0.5,25.17062150851547,9.0,2.0,1.0
757,0.0,0.1,0.5,38.64852966096467,11.0,2.0,1.0
758,0.0,0.1,0.5,98.32120363624153,48.0,2.0,1.0
759,0.0,0.1,0.5,17.270707221916794,4.0,2.0,1.0
760,0.0,0.1,0.5,23.39461133780847,8.0,2.0,1.0
761,0.0,0.1,0.5,196.68638108913916,101.0,2.0,1.0
762,0.0,0.1,0.5,108.21599446850968,46.0,2.0,1.0
763,0.0,0.1,0.5,219.1730515665802,95.0,2.0,1.0
764,0.0,0.1,0.5,18.58758160580558,7.0,2.0,1.0
765,0.0,0.1,0.5,75.44701516071827,38.0,2.0,1.0
766,0.0,0.1,0.5,21.694202239111785,10.0,2.0,1.0
767,0.0,0.1,0.5,194.52399696158483,104.0,2.0,1.0
768,0.0,0.1,0.5,27.87566275601483,14.0,2.0,1.0
769,0.0,0.1,0.5,69.35410630668417,39.0,2.0,1.0
770,0.0,0.1,0.5,17.334406865706256,10.0,2.0,1.0
771,0.0,0.1,0.5,57.191223896398675,28.0,2.0,1.0
772,0.0,0.1,0.5,74.5822600956013,32.0,2.0,1.0
773,0.0,0.1,0.5,45.89886712290226,19.0,2.0,1.0
774,0.0,0.1,0.5,18.971921453997346,13.0,2.0,1.0
775,0.0,0.1,0.5,25.16758761279135,8.0,2.0,1.0
776,0.0,0.1,0.5,139.90604400425667,71.0,2.0,1.0
777,0.0,0.1,0.5,166.12286274689941,88.0,2.0,1.0
778,0.0,0.1,0.5,20.491080730675616,9.0,2.0,1.0
779,0.0,0.1,0.5,573.3228083241138,275.0,2.0,1.0
780,0.0,0.1,0.5,88.35864573854754,53.0,2.0,1.0
781,0.0,0.1,0.5,476.1788027481696,253.0,2.0,1.0
782,0.0,0.1,0.5,28.646413377931427,11.0,2.0,1.0
783,0.0,0.1,0.5,62.93150461397608,34.0,2.0,1.0
784,0.0,0.1,0.5,759.512740864629,377.0,2.0,1.0
785,0.0,0.1,0.5,45.215956257221706,19.0,2.0,1.0
786,0.0,0.1,0.5,21.94414781000041,5.0,2.0,1.0
787,0.0,0.1,0.5,167.72541023231528,93.0,2.0,1.0
788,0.0,0.1,0.5,58.29869884650411,19.0,2.0,1.0
789,0.0,0.1,0.5,74.11020538539053,35.0,2.0,1.0
790,0.0,0.1,0.5,63.56425577847496,16.0,2.0,1.0
791,0.0,0.1,0.5,78.17290053293311,35.0,2.0,1.0
792,0.0,0.1,0.5,278.8434057747003,149.0,2.0,1.0
793,0.0,0.1,0.5,1003.81171513206,509.0,2.0,1.0
794,0.0,0.1,0.5,20.271552154948573,9.0,2.0,1.0
795,0.0,0.1,0.5,147.3996234409023,73.0,2.0,1.0
796,0.0,0.1,0.5,77.76875208076369,39.0,2.0,1.0
797,0.0,0.1,0.5,11.441426597378616,5.0,2.0,1.0
798,0.0,0.1,0.5,71.16260261127265,40.0,2.0,1.0
799,0.0,0.1,0.5,226.20495781518085,110.0,2.0,1.0
800,0.0,0.1,0.5,66.16929348169135,38.0,2.0,1.0
801,0.0,0.1,0.5,783.5472508130877,406.0,2.0,1.0
802,0.0,0.1,0.5,108.18822619329528,59.0,2.0,1.0
803,0.0,0.1,0.5,24.14811595007002,10.0,2.0,1.0
804,0.0,0.1,0.5,164.75649383792867,62.0,2.0,1.0
805,0.0,0.1,0.5,11.6337602758328,6.0,2.0,1.0
806,0.0,0.1,0.5,14.156337569928558,9.0,2.0,1.0
807,0.0,0.1,0.5,107.18076963752823,56.0,2.0,1.0
808,0.0,0.1,0.5,81.65203751177734,37.0,2.0,1.0
809,0.0,0.1,0.5,146.3134418927124,63.0,2.0,1.0
810,0.0,0.1,0.5,82.30217130452218,29.0,2.0,1.0
811,0.0,0.1,0.5,390.33805261282953,217.0,2.0,1.0
812,0.0,0.1,0.5,105.86550087554146,48.0,2.0,1.0
813,0.0,0.1,0.5,74.70402355522916,31.0,2.0,1.0
814,0.0,0.1,0.5,208.002851600809,101.0,2.0,1.0
815,0.0,0.1,0.5,150.34920028140286,63.0,2.0,1.0
816,0.0,0.1,0.5,318.11434799965014,185.0,2.0,1.0
817,0.0,0.1,0.5,381.24852296065416,201.0,2.0,1.0
818,0.0,0.1,0.5,445.35603535486973,226.0,2.0,1.0
819,0.0,0.1,0.5,21.24549998478019,10.0,2.0,1.0
820,0.0,0.1,0.5,82.00219481056286,43.0,2.0,1.0
821,0.0,0.1,0.5,65.7532599497056,28.0,2.0,1.0
822,0.0,0.1,0.5,706.3226936939349,349.0,2.0,1.0
823,0.0,0.1,0.5,42.74094296048381,19.0,2.0,1.0
824,0.0,0.1,0.5,156.950588026892,92.0,2.0,1.0
825,0.0,0.1,0.5,242.0568770517069,104.0,2.0,1.0
826,0.0,0.1,0.5,19.81073739290408,8.0,2.0,1.0
827,0.0,0.1,0.5,21.631530094489,8.0,2.0,1.0
828,0.0,0.1,0.5,244.88111085081528,140.0,2.0,1.0
829,0.0,0.1,0.5,26.475126072687072,14.0,2.0,1.0
830,0.0,0.1,0.5,35.06543937082691,18.0,2.0,1.0
831,0.0,0.1,0.5,85.321761125436,42.0,2.0,1.0
832,0.0,0.1,0.5,384.4142308270344,199.0,2.0,1.0
833,0.0,0.1,0.5,48.396876228146375,23.0,2.0,1.0
834,0.0,0.1,0.5,159.43959231410554,75.0,2.0,1.0
835,0.0,0.1,0.5,82.59793196978609,44.0,2.0,1.0
836,0.0,0.1,0.5,24.886906777752817,9.0,2.0,1.0
837,0.0,0.1,0.5,531.4667943588498,244.0,2.0,1.0
838,0.0,0.1,0.5,381.4761203680946,205.0,2.0,1.0
839,0.0,0.1,0.5,56.21086705432821,31.0,2.0,1.0
840,0.0,0.1,0.5,365.89510981174783,161.0,2.0,1.0
841,0.0,0.1,0.5,70.55636662424394,36.0,2.0,1.0
842,0.0,0.1,0.5,20.437253853101286,11.0,2.0,1.0
843,0.0,0.1,0.5,18.983631701679503,8.0,2.0,1.0
844,0.0,0.1,0.5,214.45536137718258,106.0,2.0,1.0
845,0.0,0.1,0.5,12.319297516299068,4.0,2.0,1.0
846,0.0,0.1,0.5,60.381715258287926,26.0,2.0,1.0
847,0.0,0.1,0.5,27.54357259856088,8.0,2.0,1.0
848,0.0,0.1,0.5,59.618344652299236,28.0,2.0,1.0
849,0.0,0.1,0.5,23.414655014221335,6.0,2.0,1.0
850,0.0,0.1,0.5,251.14398179745666,116.0,2.0,1.0
851,0.0,0.1,0.5,83.38034520446325,42.0,2.0,1.0
852,0.0,0.1,0.5,149.0960475272978,80.0,2.0,1.0
853,0.0,0.1,0.5,163.06181032573886,65.0,2.0,1.0
854,0.0,0.1,0.5,65.5929144784628,26.0,2.0,1.0
855,0.0,0.1,0.5,28.335305841167965,14.0,2.0,1.0
856,0.0,0.1,0.5,151.33203428627263,75.0,2.0,1.0
857,0.0,0.1,0.5,25.842608180329016,10.0,2.0,1.0
858,0.0,0.1,0.5,267.0061818393112,138.0,2.0,1.0
859,0.0,0.1,0.5,92.5823772909043,41.0,2.0,1.0
860,0.0,0.1,0.5,329.6065516946466,171.0,2.0,1.0
861,0.0,0.1,0.5,26.636041647120575,8.0,2.0,1.0
862,0.0,0.1,0.5,19.519060513863163,9.0,2.0,1.0
863,0.0,0.1,0.5,159.63315167101624,90.0,2.0,1.0
864,0.0,0.1,0.5,186.32029204738373,95.0,2.0,1.0
865,0.0,0.1,0.5,183.21475698237964,91.0,2.0,1.0
866,0.0,0.1,0.5,336.1776401026035,156.0,2.0,1.0
867,0.0,0.1,0.5,243.80532414682162,110.0,2.0,1.0
868,0.0,0.1,0.5,248.97661609087723,125.0,2.0,1.0
869,0.0,0.1,0.5,46.06741441497815,20.0,2.0,1.0
870,0.0,0.1,0.5,128.97458874063705,86.0,2.0,1.0
871,0.0,0.1,0.5,290.5485805215028,132.0,2.0,1.0
872,0.0,0.1,0.5,105.76453322316534,50.0,2.0,1.0
873,0.0,0.1,0.5,80.38026368718502,36.0,2.0,1.0
874,0.0,0.1,0.5,48.79590883386868,26.0,2.0,1.0
875,0.0,0.1,0.5,158.05405196347652,82.0,2.0,1.0
876,0.0,0.1,0.5,27.733116434740698,9.0,2.0,1.0
877,0.0,0.1,0.5,332.96173087770325,173.0,2.0,1.0
878,0.0,0.1,0.5,19.603507050649032,6.0,2.0,1.0
879,0.0,0.1,0.5,23.67065164842146,5.0,2.0,1.0
880,0.0,0.1,0.5,20.592977847199244,9.0,2.0,1.0
881,0.0,0.1,0.5,66.6713017010146,38.0,2.0,1.0
882,0.0,0.1,0.5,233.52003829162933,116.0,2.0,1.0
883,0.0,0.1,0.5,208.08216153649832,101.0,2.0,1.0
884,0.0,0.1,0.5,29.76944345380697,11.0,2.0,1.0
885,0.0,0.1,0.5,247.30258437362608,125.0,2.0,1.0
886,0.0,0.1,0.5,112.80762651763646,51.0,2.0,1.0
887,0.0,0.1,0.5,250.51668712908528,112.0,2.0,1.0
888,0.0,0.1,0.5,491.5377584815141,225.0,2.0,1.0
889,0.0,0.1,0.5,39.93825331912977,19.0,2.0,1.0
890,0.0,0.1,0.5,331.55423815216227,177.0,2.0,1.0
891,0.0,0.1,0.5,51.94170640932826,28.0,2.0,1.0
892,0.0,0.1,0.5,9.908865046182813,5.0,2.0,1.0
893,0.0,0.1,0.5,95.49569470024586,42.0,2.0,1.0
894,0.0,0.1,0.5,211.71126149315012,100.0,2.0,1.0
895,0.0,0.1,0.5,724.8328919300267,361.0,2.0,1.0
896,0.0,0.1,0.5,114.0150715585923,63.0,2.0,1.0
897,0.0,0.1,0.5,202.0142077094074,83.0,2.0,1.0
898,0.0,0.1,0.5,21.770664672633917,14.0,2.0,1.0
899,0.0,0.1,0.5,17.18514692568108,6.0,2.0,1.0
900,0.0,0.1,0.5,14.684318010797341,6.0,2.0,1.0
901,0.0,0.1,0.5,33.620199144435524,17.0,2.0,1.0
902,0.0,0.1,0.5,25.225688004070808,15.0,2.0,1.0
903,0.0,0.1,0.5,111.85141716551715,50.0,2.0,1.0
904,0.0,0.1,0.5,242.78446842506972,119.0,2.0,1.0
905,0.0,0.1,0.5,21.367483905950703,13.0,2.0,1.0
906,0.0,0.1,0.5,397.7710746620668,190.0,2.0,1.0
907,0.0,0.1,0.5,27.188377218561676,12.0,2.0,1.0
908,0.0,0.1,0.5,109.10917952639038,66.0,2.0,1.0
909,0.0,0.1,0.5,459.4654000708706,248.0,2.0,1.0
910,0.0,0.1,0.5,64.64790381364028,21.0,2.0,1.0
911,0.0,0.1,0.5,450.649708369851,215.0,2.0,1.0
912,0.0,0.1,0.5,707.2563825440651,366.0,2.0,1.0
913,0.0,0.1,0.5,111.33236217632381,54.0,2.0,1.0
914,0.0,0.1,0.5,149.25309463991664,67.0,2.0,1.0
915,0.0,0.1,0.5,17.915739192897583,6.0,2.0,1.0
916,0.0,0.1,0.5,48.65296066053446,22.0,2.0,1.0
917,0.0,0.1,0.5,22.965406444683875,16.0,2.0,1.0
918,0.0,0.1,0.5,106.28020409920744,47.0,2.0,1.0
919,0.0,0.1,0.5,236.92448021215648,114.0,2.0,1.0
920,0.0,0.1,0.5,69.34358932852068,36.0,2.0,1.0
921,0.0,0.1,0.5,48.20446816254129,28.0,2.0,1.0
922,0.0,0.1,0.5,16.517075914586133,6.0,2.0,1.0
923,0.0,0.1,0.5,46.722002255861455,29.0,2.0,1.0
924,0.0,0.1,0.5,66.54881083852733,36.0,2.0,1.0
925,0.0,0.1,0.5,294.2870032117474,157.0,2.0,1.0
926,0.0,0.1,0.5,21.357572007280552,8.0,2.0,1.0
927,0.0,0.1,0.5,109.93087998148978,63.0,2.0,1.0
928,0.0,0.1,0.5,58.81209598919878,30.0,2.0,1.0
929,0.0,0.1,0.5,13.655660882360955,7.0,2.0,1.0
930,0.0,0.1,0.5,242.6060681227108,123.0,2.0,1.0
931,0.0,0.1,0.5,87.17987999014309,59.0,2.0,1.0
932,0.0,0.1,0.5,23.59812921412041,6.0,2.0,1.0
933,0.0,0.1,0.5,541.9928073886311,271.0,2.0,1.0
934,0.0,0.1,0.5,328.362855971138,162.0,2.0,1.0
935,0.0,0.1,0.5,262.2549521404139,122.0,2.0,1.0
936,0.0,0.1,0.5,66.134311744367,34.0,2.0,1.0
937,0.0,0.1,0.5,56.92067821989849,30.0,2.0,1.0
938,0.0,0.1,0.5,26.907742115632765,8.0,2.0,1.0
939,0.0,0.1,0.5,89.36405476454144,40.0,2.0,1.0
940,0.0,0.1,0.5,110.64673863614259,46.0,2.0,1.0
941,0.0,0.1,0.5,106.75420953382252,54.0,2.0,1.0
942,0.0,0.1,0.5,57.24254122779394,25.0,2.0,1.0
943,0.0,0.1,0.5,156.5544932400665,85.0,2.0,1.0
944,0.0,0.1,0.5,94.63613289986218,58.0,2.0,1.0
945,0.0,0.1,0.5,406.43496374204335,196.0,2.0,1.0
946,0.0,0.1,0.5,69.58048677305597,34.0,2.0,1.0
947,0.0,0.1,0.5,27.178428033767602,14.0,2.0,1.0
948,0.0,0.1,0.5,58.57132292553587,31.0,2.0,1.0
949,0.0,0.1,0.5,309.5529915175696,162.0,2.0,1.0
950,0.0,0.1,0.5,242.8389932306471,107.0,2.0,1.0
951,0.0,0.1,0.5,50.00803001622675,28.0,2.0,1.0
952,0.0,0.1,0.5,18.940925669712335,9.0,2.0,1.0
953,0.0,0.1,0.5,72.230816851993,33.0,2.0,1.0
954,0.0,0.1,0.5,22.497040046117654,4.0,2.0,1.0
955,0.0,0.1,0.5,27.331430261542124,13.0,2.0,1.0
956,0.0,0.1,0.5,324.63356305748744,160.0,2.0,1.0
957,0.0,0.1,0.5,367.38011006711014,197.0,2.0,1.0
958,0.0,0.1,0.5,23.46875922237265,8.0,2.0,1.0
959,0.0,0.1,0.5,111.75548800719899,53.0,2.0,1.0
960,0.0,0.1,0.5,81.2247901239911,41.0,2.0,1.0
961,0.0,0.1,0.5,69.30744287236698,34.0,2.0,1.0
962,0.0,0.1,0.5,18.124295680773585,12.0,2.0,1.0
963,0.0,0.1,0.5,99.2123519276327,42.0,2.0,1.0
964,0.0,0.1,0.5,15.68383533642191,3.0,2.0,1.0
965,0.0,0.1,0.5,16.539707927368358,7.0,2.0,1.0
966,0.0,0.1,0.5,93.05489723310532,50.0,2.0,1.0
967,0.0,0.1,0.5,17.161686630342622,8.0,2.0,1.0
968,0.0,0.1,0.5,57.7947430363638,25.0,2.0,1.0
969,0.0,0.1,0.5,24.416224208294224,8.0,2.0,1.0
970,0.0,0.1,0.5,215.2536015544372,112.0,2.0,1.0
971,0.0,0.1,0.5,49.31944541310246,18.0,2.0,1.0
972,0.0,0.1,0.5,79.58125900346496,43.0,2.0,1.0
973,0.0,0.1,0.5,44.06468452192092,18.0,2.0,1.0
974,0.0,0.1,0.5,102.29505898701744,40.0,2.0,1.0
975,0.0,0.1,0.5,22.008450055401536,9.0,2.0,1.0
976,0.0,0.1,0.5,16.572777032392544,8.0,2.0,1.0
977,0.0,0.1,0.5,238.90193113376338,122.0,2.0,1.0
978,0.0,0.1,0.5,330.7317792205375,149.0,2.0,1.0
979,0.0,0.1,0.5,66.22855016485349,32.0,2.0,1.0
980,0.0,0.1,0.5,12.746289803654202,8.0,2.0,1.0
981,0.0,0.1,0.5,59.18664679125767,36.0,2.0,1.0
982,0.0,0.1,0.5,22.284120291021615,14.0,2.0,1.0
983,0.0,0.1,0.5,64.494809583643,23.0,2.0,1.0
984,0.0,0.1,0.5,107.03005920190887,55.0,2.0,1.0
985,0.0,0.1,0.5,102.34593754890504,57.0,2.0,1.0
986,0.0,0.1,0.5,25.95126615538659,14.0,2.0,1.0
987,0.0,0.1,0.5,153.57869709190578,77.0,2.0,1.0
988,0.0,0.1,0.5,39.91963874862655,22.0,2.0,1.0
989,0.0,0.1,0.5,254.47459295804688,136.0,2.0,1.0
990,0.0,0.1,0.5,42.72068066956706,15.0,2.0,1.0
991,0.0,0.1,0.5,23.44942617977872,10.0,2.0,1.0
992,0.0,0.1,0.5,148.53000715112685,70.0,2.0,1.0
993,0.0,0.1,0.5,461.44745823638334,213.0,2.0,1.0
994,0.0,0.1,0.5,315.81839081912636,179.0,2.0,1.0
995,0.0,0.1,0.5,204.18654761034992,108.0,2.0,1.0
996,0.0,0.1,0.5,861.8384124046078,455.0,2.0,1.0
997,0.0,0.1,0.5,360.0963226234112,181.0,2.0,1.0
998,0.0,0.1,0.5,22.93574908935552,12.0,2.0,1.0
999,0.0,0.1,0.5,324.7341797057803,159.0,2.0,1.0
1000,0.0,0.1,0.5,58.786294932685166,26.0,2.0,1.0
1001,0.0,0.1,0.5,59.57322392262241,26.0,2.0,1.0
1002,0.0,0.1,0.5,66.5909787024237,33.0,2.0,1.0
1003,0.0,0.1,0.5,17.94272161414103,9.0,2.0,1.0
1004,0.0,0.1,0.5,408.35037500250996,207.0,2.0,1.0
1005,0.0,0.1,0.5,123.83743160634853,53.0,2.0,1.0
1006,0.0,0.1,0.5,55.55571003268548,17.0,2.0,1.0
1007,0.0,0.1,0.5,33.18763003868561,21.0,2.0,1.0
1008,0.0,0.1,0.5,146.6107063829114,75.0,2.0,1.0
1009,0.0,0.1,0.5,188.41327313348856,97.0,2.0,1.0
1010,0.0,0.1,0.5,16.781312473218428,9.0,2.0,1.0
1011,0.0,0.1,0.5,8.831930401447433,6.0,2.0,1.0
1012,0.0,0.1,0.5,26.43203799736997,18.0,2.0,1.0
1013,0.0,0.1,0.5,22.55591357608639,6.0,2.0,1.0
1014,0.0,0.1,0.5,331.1465589080105,164.0,2.0,1.0
1015,0.0,0.1,0.5,26.433400884361877,17.0,2.0,1.0
1016,0.0,0.1,0.5,115.03521756760817,58.0,2.0,1.0
1017,0.0,0.1,0.5,46.545299880914534,27.0,2.0,1.0
1018,0.0,0.1,0.5,42.07455496624911,22.0,2.0,1.0
1019,0.0,0.1,0.5,203.04144945704053,94.0,2.0,1.0
1020,0.0,0.1,0.5,23.059861323603037,20.0,2.0,1.0
1021,0.0,0.1,0.5,12.958424568569512,4.0,2.0,1.0
1022,0.0,0.1,0.5,72.75088964289662,37.0,2.0,1.0
1023,0.0,0.1,0.5,25.77710239371761,15.0,2.0,1.0
1024,0.0,0.1,0.5,218.56912890520707,109.0,2.0,1.0
1025,0.0,0.1,0.5,42.08489551311307,20.0,2.0,1.0
1026,0.0,0.1,0.5,25.055888652981963,7.0,2.0,1.0
1027,0.0,0.1,0.5,69.69358375622825,36.0,2.0,1.0
1028,0.0,0.1,0.5,67.47964584676025,26.0,2.0,1.0
1029,0.0,0.1,0.5,229.33912210007418,120.0,2.0,1.0
1030,0.0,0.1,0.5,21.553081100572825,18.0,2.0,1.0
1031,0.0,0.1,0.5,66.39581450421174,39.0,2.0,1.0
1032,0.0,0.1,0.5,75.6574735225808,35.0,2.0,1.0
1033,0.0,0.1,0.5,69.09197381956027,28.0,2.0,1.0
1034,0.0,0.1,0.5,47.31716484814584,28.0,2.0,1.0
1035,0.0,0.1,0.5,64.8415145126026,24.0,2.0,1.0
1036,0.0,0.1,0.5,16.97534157430851,7.0,2.0,1.0
1037,0.0,0.1,0.5,57.874119739000285,22.0,2.0,1.0
1038,0.0,0.1,0.5,19.068259374075677,7.0,2.0,1.0
1039,0.0,0.1,0.5,8.803688469774793,5.0,2.0,1.0
1040,0.0,0.1,0.5,500.74893262406715,260.0,2.0,1.0
1041,0.0,0.1,0.5,16.96127289382495,7.0,2.0,1.0
1042,0.0,0.1,0.5,331.8789113330794,163.0,2.0,1.0
1043,0.0,0.1,0.5,16.905836490294476,8.0,2.0,1.0
1044,0.0,0.1,0.5,348.1733426011157,177.0,2.0,1.0
1045,0.0,0.1,0.5,242.23720562270836,119.0,2.0,1.0
1046,0.0,0.1,0.5,37.99570882721646,17.0,2.0,1.0
1047,0.0,0.1,0.5,66.70997775635085,31.0,2.0,1.0
1048,0.0,0.1,0.5,22.028391375854188,12.0,2.0,1.0
1049,0.0,0.1,0.5,52.55455938494365,19.0,2.0,1.0
1050,0.0,0.1,0.5,285.98180340353093,137.0,2.0,1.0
1051,0.0,0.1,0.5,238.73856659660555,117.0,2.0,1.0
1052,0.0,0.1,0.5,37.99830780589044,15.0,2.0,1.0
1053,0.0,0.1,0.5,472.595410497362,246.0,2.0,1.0
1054,0.0,0.1,0.5,215.49758817196334,97.0,2.0,1.0
1055,0.0,0.1,0.5,80.26068302397493,40.0,2.0,1.0
1056,0.0,0.1,0.5,69.69739199841928,43.0,2.0,1.0
1057,0.0,0.1,0.5,87.21430984723393,39.0,2.0,1.0
1058,0.0,0.1,0.5,171.05687557291685,91.0,2.0,1.0
1059,0.0,0.1,0.5,62.175688650659225,28.0,2.0,1.0
1060,0.0,0.1,0.5,287.26329538905503,136.0,2.0,1.0
1061,0.0,0.1,0.5,527.5405480578369,259.0,2.0,1.0
1062,0.0,0.1,0.5,592.5008903462686,307.0,2.0,1.0
1063,0.0,0.1,0.5,237.70398060362965,135.0,2.0,1.0
1064,0.0,0.1,0.5,22.808512135404584,11.0,2.0,1.0
1065,0.0,0.1,0.5,248.3501261020014,151.0,2.0,1.0
1066,0.0,0.1,0.5,42.97897450359654,28.0,2.0,1.0
1067,0.0,0.1,0.5,164.73850600712535,82.0,2.0,1.0
1068,0.0,0.1,0.5,27.811366630089758,17.0,2.0,1.0
1069,0.0,0.1,0.5,68.20221844537451,38.0,2.0,1.0
1070,0.0,0.1,0.5,44.42301753916318,23.0,2.0,1.0
1071,0.0,0.1,0.5,28.203985028688265,14.0,2.0,1.0
1072,0.0,0.1,0.5,184.45862645909273,93.0,2.0,1.0
1073,0.0,0.1,0.5,79.3144485498419,33.0,2.0,1.0
1074,0.0,0.1,0.5,237.87385525239534,132.0,2.0,1.0
1075,0.0,0.1,0.5,106.11394382489706,57.0,2.0,1.0
1076,0.0,0.1,0.5,83.63821840359697,42.0,2.0,1.0
1077,0.0,0.1,0.5,17.38112251988442,9.0,2.0,1.0
1078,0.0,0.1,0.5,68.70175225671493,35.0,2.0,1.0
1079,0.0,0.1,0.5,196.67261952715788,99.0,2.0,1.0
1080,0.0,0.1,0.5,64.27157241757918,30.0,2.0,1.0
1081,0.0,0.1,0.5,16.036287336796693,8.0,2.0,1.0
1082,0.0,0.1,0.5,98.35435486818882,39.0,2.0,1.0
1083,0.0,0.1,0.5,200.51404630130867,114.0,2.0,1.0
1084,0.0,0.1,0.5,91.11089287098262,68.0,2.0,1.0
1085,0.0,0.1,0.5,106.38018824572738,48.0,2.0,1.0
1086,0.0,0.1,0.5,69.98392095833312,41.0,2.0,1.0
1087,0.0,0.1,0.5,136.0091335025565,63.0,2.0,1.0
1088,0.0,0.1,0.5,49.760627241441824,28.0,2.0,1.0
1089,0.0,0.1,0.5,64.0031810363365,27.0,2.0,1.0
1090,0.0,0.1,0.5,18.787869042807806,8.0,2.0,1.0
1091,0.0,0.1,0.5,277.9449973893326,154.0,2.0,1.0
1092,0.0,0.1,0.5,20.507175792659645,11.0,2.0,1.0
1093,0.0,0.1,0.5,29.800962690683185,21.0,2.0,1.0
1094,0.0,0.1,0.5,229.27712386855865,108.0,2.0,1.0
1095,0.0,0.1,0.5,45.15770237136731,17.0,2.0,1.0
1096,0.0,0.1,0.5,111.07489554564684,62.0,2.0,1.0
1097,0.0,0.1,0.5,407.230495020425,201.0,2.0,1.0
1098,0.0,0.1,0.5,70.74264336086357,33.0,2.0,1.0
1099,0.0,0.1,0.5,268.9462764119704,139.0,2.0,1.0
1100,0.0,0.1,0.5,423.14920509976287,209.0,2.0,1.0
1101,0.0,0.1,0.5,42.683372379994985,26.0,2.0,1.0
1102,0.0,0.1,0.5,105.95821410103703,59.0,2.0,1.0
1103,0.0,0.1,0.5,22.701524197091643,11.0,2.0,1.0
1104,0.0,0.1,0.5,190.38988374246324,100.0,2.0,1.0
1105,0.0,0.1,0.5,12.629053353190834,8.0,2.0,1.0
1106,0.0,0.1,0.5,68.43647984717494,40.0,2.0,1.0
1107,0.0,0.1,0.5,159.8866929080005,71.0,2.0,1.0
1108,0.0,0.1,0.5,24.3631489184589,16.0,2.0,1.0
1109,0.0,0.1,0.5,21.878607101341395,9.0,2.0,1.0
1110,0.0,0.1,0.5,189.39717998101582,95.0,2.0,1.0
1111,0.0,0.1,0.5,77.12604024039095,32.0,2.0,1.0
1112,0.0,0.1,0.5,22.381896086811768,12.0,2.0,1.0
1113,0.0,0.1,0.5,918.0192779131011,419.0,2.0,1.0
1114,0.0,0.1,0.5,20.603184300206127,9.0,2.0,1.0
1115,0.0,0.1,0.5,74.1282898571629,40.0,2.0,1.0
1116,0.0,0.1,0.5,410.9150413893969,227.0,2.0,1.0
1117,0.0,0.1,0.5,109.28453055473366,57.0,2.0,1.0
1118,0.0,0.1,0.5,13.69901615411614,5.0,2.0,1.0
1119,0.0,0.1,0.5,226.5665120402865,99.0,2.0,1.0
1120,0.0,0.1,0.5,24.120238594505572,7.0,2.0,1.0
1121,0.0,0.1,0.5,14.734246436925043,6.0,2.0,1.0
1122,0.0,0.1,0.5,385.46707253006633,198.0,2.0,1.0
1123,0.0,0.1,0.5,72.46070223946784,32.0,2.0,1.0
1124,0.0,0.1,0.5,348.57618743481197,196.0,2.0,1.0
1125,0.0,0.1,0.5,838.3845043227617,385.0,2.0,1.0
1126,0.0,0.1,0.5,198.33303608394635,106.0,2.0,1.0
1127,0.0,0.1,0.5,228.32658509987087,144.0,2.0,1.0
1128,0.0,0.1,0.5,13.912350261471818,6.0,2.0,1.0
1129,0.0,0.1,0.5,81.58221939601512,37.0,2.0,1.0
1130,0.0,0.1,0.5,243.71031032991664,116.0,2.0,1.0
1131,0.0,0.1,0.5,16.64937580571482,9.0,2.0,1.0
1132,0.0,0.1,0.5,168.714877494225,100.0,2.0,1.0
1133,0.0,0.1,0.5,183.53821142608803,89.0,2.0,1.0
1134,0.0,0.1,0.5,92.53912073259048,54.0,2.0,1.0
1135,0.0,0.1,0.5,18.927394599534008,13.0,2.0,1.0
1136,0.0,0.1,0.5,442.00257995369407,220.0,2.0,1.0
1137,0.0,0.1,0.5,18.258295075475864,14.0,2.0,1.0
1138,0.0,0.1,0.5,89.85389924607665,47.0,2.0,1.0
1139,0.0,0.1,0.5,34.61449458197373,11.0,2.0,1.0
1140,0.0,0.1,0.5,229.39964862493818,105.0,2.0,1.0
1141,0.0,0.1,0.5,230.89568610057975,121.0,2.0,1.0
1142,0.0,0.1,0.5,23.92660005136942,8.0,2.0,1.0
1143,0.0,0.1,0.5,33.71732801677855,26.0,2.0,1.0
1144,0.0,0.1,0.5,50.722157186949104,25.0,2.0,1.0
1145,0.0,0.1,0.5,121.71497444776108,58.0,2.0,1.0
1146,0.0,0.1,0.5,347.85010217314704,175.0,2.0,1.0
1147,0.0,0.1,0.5,20.755924495798915,11.0,2.0,1.0
1148,0.0,0.1,0.5,68.1447606935348,34.0,2.0,1.0
1149,0.0,0.1,0.5,89.4486202834489,47.0,2.0,1.0
1150,0.0,0.1,0.5,246.9771144482432,136.0,2.0,1.0
1151,0.0,0.1,0.5,208.5699695655533,108.0,2.0,1.0
1152,0.0,0.1,0.5,17.94793824763706,4.0,2.0,1.0
1153,0.0,0.1,0.5,197.68748231371384,83.0,2.0,1.0
1154,0.0,0.1,0.5,64.55102597662946,32.0,2.0,1.0
1155,0.0,0.1,0.5,542.456742123822,298.0,2.0,1.0
1156,0.0,0.1,0.5,713.6710630218007,372.0,2.0,1.0
1157,0.0,0.1,0.5,64.31667331904053,36.0,2.0,1.0
1158,0.0,0.1,0.5,24.193736842422243,6.0,2.0,1.0
1159,0.0,0.1,0.5,80.86462651550565,37.0,2.0,1.0
1160,0.0,0.1,0.5,58.69793857660474,21.0,2.0,1.0
1161,0.0,0.1,0.5,150.10349691306493,75.0,2.0,1.0
1162,0.0,0.1,0.5,194.86156221606504,100.0,2.0,1.0
1163,0.0,0.1,0.5,1047.6787532737965,512.0,2.0,1.0
1164,0.0,0.1,0.5,22.705113646125714,9.0,2.0,1.0
1165,0.0,0.1,0.5,44.06407150795348,23.0,2.0,1.0
1166,0.0,0.1,0.5,363.3063262364003,176.0,2.0,1.0
1167,0.0,0.1,0.5,24.093860698204665,11.0,2.0,1.0
1168,0.0,0.1,0.5,35.815155154083754,19.0,2.0,1.0
1169,0.0,0.1,0.5,30.789977362113923,7.0,2.0,1.0
1170,0.0,0.1,0.5,115.53407831102122,62.0,2.0,1.0
1171,0.0,0.1,0.5,41.418440591315914,20.0,2.0,1.0
1172,0.0,0.1,0.5,448.01786251077897,201.0,2.0,1.0
1173,0.0,0.1,0.5,453.99536361121443,226.0,2.0,1.0
1174,0.0,0.1,0.5,22.259720489771052,8.0,2.0,1.0
1175,0.0,0.1,0.5,41.04339210449232,26.0,2.0,1.0
1176,0.0,0.1,0.5,60.30719653993579,33.0,2.0,1.0
1177,0.0,0.1,0.5,34.296508752910825,16.0,2.0,1.0
1178,0.0,0.1,0.5,102.20414372537253,44.0,2.0,1.0
1179,0.0,0.1,0.5,337.7348604161673,169.0,2.0,1.0
1180,0.0,0.1,0.5,272.9554043228084,129.0,2.0,1.0
1181,0.0,0.1,0.5,22.985350655513287,17.0,2.0,1.0
1182,0.0,0.1,0.5,42.78977286760489,20.0,2.0,1.0
1183,0.0,0.1,0.5,26.212731258955067,13.0,2.0,1.0
1184,0.0,0.1,0.5,111.10184699229438,41.0,2.0,1.0
1185,0.0,0.1,0.5,67.96693033989396,32.0,2.0,1.0
1186,0.0,0.1,0.5,20.089454223630966,8.0,2.0,1.0
1187,0.0,0.1,0.5,32.88409539094771,20.0,2.0,1.0
1188,0.0,0.1,0.5,34.38515148207737,16.0,2.0,1.0
1189,0.0,0.1,0.5,208.94970848720877,85.0,2.0,1.0
1190,0.0,0.1,0.5,30.234050025319668,18.0,2.0,1.0
1191,0.0,0.1,0.5,49.11141934649405,21.0,2.0,1.0
1192,0.0,0.1,0.5,221.1054783649681,103.0,2.0,1.0
1193,0.0,0.1,0.5,75.03312997194861,38.0,2.0,1.0
1194,0.0,0.1,0.5,148.69682985095594,71.0,2.0,1.0
1195,0.0,0.1,0.5,274.38975426341517,140.0,2.0,1.0
1196,0.0,0.1,0.5,165.1985874290004,96.0,2.0,1.0
1197,0.0,0.1,0.5,134.81872676633543,80.0,2.0,1.0
1198,0.0,0.1,0.5,68.45461920939712,43.0,2.0,1.0
1199,0.0,0.1,0.5,23.03709722013994,15.0,2.0,1.0
1200,0.0,0.1,0.5,25.297536672288672,13.0,2.0,1.0
1201,0.0,0.1,0.5,24.384606374631083,14.0,2.0,1.0
1202,0.0,0.1,0.5,632.4806923069718,283.0,2.0,1.0
1203,0.0,0.1,0.5,350.5363026520782,154.0,2.0,1.0
1204,0.0,0.1,0.5,154.47774110230534,89.0,2.0,1.0
1205,0.0,0.1,0.5,21.39520399200409,10.0,2.0,1.0
1206,0.0,0.1,0.5,43.85419838407943,18.0,2.0,1.0
1207,0.0,0.1,0.5,49.18323587134027,26.0,2.0,1.0
1208,0.0,0.1,0.5,20.2787082521823,12.0,2.0,1.0
1209,0.0,0.1,0.5,35.12514843393771,18.0,2.0,1.0
1210,0.0,0.1,0.5,15.832363452195885,8.0,2.0,1.0
1211,0.0,0.1,0.5,22.667043674632367,11.0,2.0,1.0
1212,0.0,0.1,0.5,73.45669069178831,34.0,2.0,1.0
1213,0.0,0.1,0.5,180.72825244101438,95.0,2.0,1.0
1214,0.0,0.1,0.5,493.0136230743792,252.0,2.0,1.0
1215,0.0,0.1,0.5,148.75225740901342,76.0,2.0,1.0
1216,0.0,0.1,0.5,24.66207444654062,11.0,2.0,1.0
1217,0.0,0.1,0.5,24.070207162233043,12.0,2.0,1.0
1218,0.0,0.1,0.5,45.97110387216812,23.0,2.0,1.0
1219,0.0,0.1,0.5,11.74222845289848,6.0,2.0,1.0
1220,0.0,0.1,0.5,90.4251526972641,44.0,2.0,1.0
1221,0.0,0.1,0.5,181.72519051517332,96.0,2.0,1.0
1222,0.0,0.1,0.5,21.713124003132712,12.0,2.0,1.0
1223,0.0,0.1,0.5,64.30605031366751,34.0,2.0,1.0
1224,0.0,0.1,0.5,200.17339301196037,108.0,2.0,1.0
1225,0.0,0.1,0.5,69.13936474950616,35.0,2.0,1.0
1226,0.0,0.1,0.5,188.2009267365633,90.0,2.0,1.0
1227,0.0,0.1,0.5,62.38020722732024,23.0,2.0,1.0
1228,0.0,0.1,0.5,582.8105516016205,276.0,2.0,1.0
1229,0.0,0.1,0.5,12.094963625039643,5.0,2.0,1.0
1230,0.0,0.1,0.5,29.17534546632167,4.0,2.0,1.0
1231,0.0,0.1,0.5,26.087176607150514,17.0,2.0,1.0
1232,0.0,0.1,0.5,95.9068529312136,37.0,2.0,1.0
1233,0.0,0.1,0.5,95.90738427379564,55.0,2.0,1.0
1234,0.0,0.1,0.5,76.25988084240258,40.0,2.0,1.0
1235,0.0,0.1,0.5,197.80573497967018,76.0,2.0,1.0
1236,0.0,0.1,0.5,31.84225389681159,13.0,2.0,1.0
1237,0.0,0.1,0.5,118.3377825052812,55.0,2.0,1.0
1238,0.0,0.1,0.5,481.25138854648117,246.0,2.0,1.0
1239,0.0,0.1,0.5,35.802316039601806,16.0,2.0,1.0
1240,0.0,0.1,0.5,68.03105782499505,34.0,2.0,1.0
1241,0.0,0.1,0.5,29.668796691035443,15.0,2.0,1.0
1242,0.0,0.1,0.5,46.4306106289254,32.0,2.0,1.0
1243,0.0,0.1,0.5,322.8231968802958,152.0,2.0,1.0
1244,0.0,0.1,0.5,532.5629457396631,283.0,2.0,1.0
1245,0.0,0.1,0.5,26.366314727528938,17.0,2.0,1.0
1246,0.0,0.1,0.5,184.80516779166774,86.0,2.0,1.0
1247,0.0,0.1,0.5,281.938052531922,165.0,2.0,1.0
1248,0.0,0.1,0.5,19.92048591516782,10.0,2.0,1.0
1249,0.0,0.1,0.5,94.48909808318552,55.0,2.0,1.0
1250,0.0,0.1,0.5,124.64770046252448,64.0,2.0,1.0
1251,0.0,0.1,0.5,24.70954428605657,12.0,2.0,1.0
1252,0.0,0.1,0.5,100.42193394618761,50.0,2.0,1.0
1253,0.0,0.1,0.5,29.89610133848266,17.0,2.0,1.0
1254,0.0,0.1,0.5,223.22369297327015,124.0,2.0,1.0
1255,0.0,0.1,0.5,26.464213514779274,10.0,2.0,1.0
1256,0.0,0.1,0.5,86.26071277191838,48.0,2.0,1.0
1257,0.0,0.1,0.5,117.51453515485669,53.0,2.0,1.0
1258,0.0,0.1,0.5,57.92948283093783,33.0,2.0,1.0
1259,0.0,0.1,0.5,74.58609825375027,44.0,2.0,1.0
1260,0.0,0.1,0.5,27.788940244759083,11.0,2.0,1.0
1261,0.0,0.1,0.5,64.3384624372485,35.0,2.0,1.0
1262,0.0,0.1,0.5,157.44196317876794,73.0,2.0,1.0
1263,0.0,0.1,0.5,67.36550266414035,26.0,2.0,1.0
1264,0.0,0.1,0.5,19.874278966166035,11.0,2.0,1.0
1265,0.0,0.1,0.5,20.335063179594826,12.0,2.0,1.0
1266,0.0,0.1,0.5,106.70304453701301,51.0,2.0,1.0
1267,0.0,0.1,0.5,360.1700426183226,190.0,2.0,1.0
1268,0.0,0.1,0.5,85.80473705746006,40.0,2.0,1.0
1269,0.0,0.1,0.5,289.4169368949869,155.0,2.0,1.0
1270,0.0,0.1,0.5,109.9376751773597,47.0,2.0,1.0
1271,0.0,0.1,0.5,119.28112875998079,49.0,2.0,1.0
1272,0.0,0.1,0.5,75.18717617076055,40.0,2.0,1.0
1273,0.0,0.1,0.5,589.531702968513,295.0,2.0,1.0
1274,0.0,0.1,0.5,16.713237201260267,4.0,2.0,1.0
1275,0.0,0.1,0.5,308.0958072446915,145.0,2.0,1.0
1276,0.0,0.1,0.5,26.969437984800173,18.0,2.0,1.0
1277,0.0,0.1,0.5,114.66391721638962,70.0,2.0,1.0
1278,0.0,0.1,0.5,26.45525647536714,11.0,2.0,1.0
1279,0.0,0.1,0.5,20.745308827988055,11.0,2.0,1.0
1280,0.0,0.1,0.5,324.8689308054683,177.0,2.0,1.0
1281,0.0,0.1,0.5,30.362424864137786,13.0,2.0,1.0
1282,0.0,0.1,0.5,77.44633706757382,36.0,2.0,1.0
1283,0.0,0.1,0.5,26.41074077166866,18.0,2.0,1.0
1284,0.0,0.1,0.5,164.3927664463155,87.0,2.0,1.0
1285,0.0,0.1,0.5,51.5018201570341,16.0,2.0,1.0
1286,0.0,0.1,0.5,17.03249321196319,10.0,2.0,1.0
1287,0.0,0.1,0.5,71.19733246076655,34.0,2.0,1.0
1288,0.0,0.1,0.5,186.45764789425934,101.0,2.0,1.0
1289,0.0,0.1,0.5,29.134562606642884,14.0,2.0,1.0
1290,0.0,0.1,0.5,18.145648760674383,6.0,2.0,1.0
1291,0.0,0.1,0.5,429.0977044886344,223.0,2.0,1.0
1292,0.0,0.1,0.5,279.54477265713956,147.0,2.0,1.0
1293,0.0,0.1,0.5,293.2237857900442,128.0,2.0,1.0
1294,0.0,0.1,0.5,202.71968843929176,109.0,2.0,1.0
1295,0.0,0.1,0.5,112.50229837058978,56.0,2.0,1.0
1296,0.0,0.1,0.5,31.17172784880752,11.0,2.0,1.0
1297,0.0,0.1,0.5,66.94352286690676,37.0,2.0,1.0
1298,0.0,0.1,0.5,60.61133118795846,28.0,2.0,1.0
1299,0.0,0.1,0.5,33.87748493028211,16.0,2.0,1.0
1300,0.0,0.1,0.5,67.66117101784302,37.0,2.0,1.0
1301,0.0,0.1,0.5,19.456855372208587,12.0,2.0,1.0
1302,0.0,0.1,0.5,110.1738756472293,49.0,2.0,1.0
1303,0.0,0.1,0.5,32.88875977867878,11.0,2.0,1.0
1304,0.0,0.1,0.5,22.389003279075737,11.0,2.0,1.0
1305,0.0,0.1,0.5,137.43150015966594,66.0,2.0,1.0
1306,0.0,0.1,0.5,26.269645101024878,16.0,2.0,1.0
1307,0.0,0.1,0.5,13.231794023689165,7.0,2.0,1.0
1308,0.0,0.1,0.5,141.10521458935145,77.0,2.0,1.0
1309,0.0,0.1,0.5,88.3192045710689,42.0,2.0,1.0
1310,0.0,0.1,0.5,83.68319420486743,45.0,2.0,1.0
1311,0.0,0.1,0.5,17.666452986099635,10.0,2.0,1.0
1312,0.0,0.1,0.5,78.29660978424292,39.0,2.0,1.0
1313,0.0,0.1,0.5,788.1957927714606,415.0,2.0,1.0
1314,0.0,0.1,0.5,111.85427070321668,45.0,2.0,1.0
1315,0.0,0.1,0.5,31.6483157934795,16.0,2.0,1.0
1316,0.0,0.1,0.5,44.475232881337554,20.0,2.0,1.0
1317,0.0,0.1,0.5,42.041050195822024,30.0,2.0,1.0
1318,0.0,0.1,0.5,71.14273177500357,31.0,2.0,1.0
1319,0.0,0.1,0.5,45.78172703809459,19.0,2.0,1.0
1320,0.0,0.1,0.5,26.93143395992807,15.0,2.0,1.0
1321,0.0,0.1,0.5,257.81194315629136,140.0,2.0,1.0
1322,0.0,0.1,0.5,70.0853105518521,23.0,2.0,1.0
1323,0.0,0.1,0.5,245.8375716364846,129.0,2.0,1.0
1324,0.0,0.1,0.5,77.19516794296142,37.0,2.0,1.0
1325,0.0,0.1,0.5,70.01072954253914,37.0,2.0,1.0
1326,0.0,0.1,0.5,187.03884004796268,87.0,2.0,1.0
1327,0.0,0.1,0.5,161.01025308777096,82.0,2.0,1.0
1328,0.0,0.1,0.5,69.54189556388998,43.0,2.0,1.0
1329,0.0,0.1,0.5,124.8607830534626,51.0,2.0,1.0
1330,0.0,0.1,0.5,57.96776438728756,35.0,2.0,1.0
1331,0.0,0.1,0.5,316.60615018140203,162.0,2.0,1.0
1332,0.0,0.1,0.5,30.675181051252647,14.0,2.0,1.0
1333,0.0,0.1,0.5,59.81405764732521,32.0,2.0,1.0
1334,0.0,0.1,0.5,129.5498441431544,57.0,2.0,1.0
1335,0.0,0.1,0.5,24.919472170965445,15.0,2.0,1.0
1336,0.0,0.1,0.5,105.31761947185156,45.0,2.0,1.0
1337,0.0,0.1,0.5,15.69430420437975,6.0,2.0,1.0
1338,0.0,0.1,0.5,68.77195444539625,36.0,2.0,1.0
1339,0.0,0.1,0.5,52.44188676992081,25.0,2.0,1.0
1340,0.0,0.1,0.5,73.66389016218977,27.0,2.0,1.0
1341,0.0,0.1,0.5,498.9385065916682,267.0,2.0,1.0
1342,0.0,0.1,0.5,31.193151995835237,16.0,2.0,1.0
1343,0.0,0.1,0.5,70.22777531165988,38.0,2.0,1.0
1344,0.0,0.1,0.5,251.588188398881,133.0,2.0,1.0
1345,0.0,0.1,0.5,22.309010799245964,11.0,2.0,1.0
1346,0.0,0.1,0.5,194.55694417979643,107.0,2.0,1.0
1347,0.0,0.1,0.5,18.863520277475956,5.0,2.0,1.0
1348,0.0,0.1,0.5,141.4573921832896,90.0,2.0,1.0
1349,0.0,0.1,0.5,337.31721862186066,139.0,2.0,1.0
1350,0.0,0.1,0.5,162.9836359232516,87.0,2.0,1.0
1351,0.0,0.1,0.5,85.26053818254488,37.0,2.0,1.0
1352,0.0,0.1,0.5,236.02509702099553,128.0,2.0,1.0
1353,0.0,0.1,0.5,84.10545238532686,47.0,2.0,1.0
1354,0.0,0.1,0.5,281.860924085881,143.0,2.0,1.0
1355,0.0,0.1,0.5,20.363386471231962,13.0,2.0,1.0
1356,0.0,0.1,0.5,363.9766096689932,197.0,2.0,1.0
1357,0.0,0.1,0.5,21.41713749446474,18.0,2.0,1.0
1358,0.0,0.1,0.5,53.195385443378825,14.0,2.0,1.0
1359,0.0,0.1,0.5,55.33981050908396,29.0,2.0,1.0
1360,0.0,0.1,0.5,18.15062638600167,6.0,2.0,1.0
1361,0.0,0.1,0.5,59.41183783392445,29.0,2.0,1.0
1362,0.0,0.1,0.5,228.96247845201816,127.0,2.0,1.0
1363,0.0,0.1,0.5,139.7993652828664,57.0,2.0,1.0
1364,0.0,0.1,0.5,664.9223676152998,344.0,2.0,1.0
1365,0.0,0.1,0.5,27.520373104181907,12.0,2.0,1.0
1366,0.0,0.1,0.5,85.95675060664611,56.0,2.0,1.0
1367,0.0,0.1,0.5,66.08877589943836,38.0,2.0,1.0
1368,0.0,0.1,0.5,110.94379633597615,56.0,2.0,1.0
1369,0.0,0.1,0.5,19.338111032008513,11.0,2.0,1.0
1370,0.0,0.1,0.5,445.07468304190485,217.0,2.0,1.0
1371,0.0,0.1,0.5,21.841690566135636,10.0,2.0,1.0
1372,0.0,0.1,0.5,170.96924029268138,84.0,2.0,1.0
1373,0.0,0.1,0.5,104.21191912756123,53.0,2.0,1.0
1374,0.0,0.1,0.5,49.38364654634262,26.0,2.0,1.0
1375,0.0,0.1,0.5,105.33171844155515,49.0,2.0,1.0
1376,0.0,0.1,0.5,75.69653542504005,29.0,2.0,1.0
1377,0.0,0.1,0.5,228.5309246265729,110.0,2.0,1.0
1378,0.0,0.1,0.5,296.5855894552392,121.0,2.0,1.0
1379,0.0,0.1,0.5,359.57420034723555,188.0,2.0,1.0
1380,0.0,0.1,0.5,64.20359343422541,40.0,2.0,1.0
1381,0.0,0.1,0.5,68.75132369728736,30.0,2.0,1.0
1382,0.0,0.1,0.5,147.5354177079047,79.0,2.0,1.0
1383,0.0,0.1,0.5,35.39598207025654,20.0,2.0,1.0
1384,0.0,0.1,0.5,153.6198439518601,65.0,2.0,1.0
1385,0.0,0.1,0.5,117.02103081650277,61.0,2.0,1.0
1386,0.0,0.1,0.5,63.717463273057994,38.0,2.0,1.0
1387,0.0,0.1,0.5,71.2611357090002,35.0,2.0,1.0
1388,0.0,0.1,0.5,28.17865061545856,12.0,2.0,1.0
1389,0.0,0.1,0.5,19.875852825086305,8.0,2.0,1.0
1390,0.0,0.1,0.5,71.60055746552544,46.0,2.0,1.0
1391,0.0,0.1,0.5,103.02396954159522,58.0,2.0,1.0
1392,0.0,0.1,0.5,26.575160297666173,12.0,2.0,1.0
1393,0.0,0.1,0.5,154.75722249090646,69.0,2.0,1.0
1394,0.0,0.1,0.5,282.74659256923337,145.0,2.0,1.0
1395,0.0,0.1,0.5,68.3680283379161,24.0,2.0,1.0
1396,0.0,0.1,0.5,134.62320928863252,80.0,2.0,1.0
1397,0.0,0.1,0.5,461.8343025602484,255.0,2.0,1.0
1398,0.0,0.1,0.5,28.623461488262983,11.0,2.0,1.0
1399,0.0,0.1,0.5,19.540734063927605,9.0,2.0,1.0
1400,0.0,0.1,0.5,12.038293786684957,5.0,2.0,1.0
1401,0.0,0.1,0.5,10.888731133805525,5.0,2.0,1.0
1402,0.0,0.1,0.5,167.33854159534107,68.0,2.0,1.0
1403,0.0,0.1,0.5,61.42926477987669,32.0,2.0,1.0
1404,0.0,0.1,0.5,100.86023062709108,37.0,2.0,1.0
1405,0.0,0.1,0.5,160.38739199121812,71.0,2.0,1.0
1406,0.0,0.1,0.5,197.80209771926675,95.0,2.0,1.0
1407,0.0,0.1,0.5,280.07442292178473,142.0,2.0,1.0
1408,0.0,0.1,0.5,445.66791419646785,215.0,2.0,1.0
1409,0.0,0.1,0.5,1106.5384993145528,527.0,2.0,1.0
1410,0.0,0.1,0.5,12.478658364668576,4.0,2.0,1.0
1411,0.0,0.1,0.5,716.2960752345837,361.0,2.0,1.0
1412,0.0,0.1,0.5,21.871375312138085,17.0,2.0,1.0
1413,0.0,0.1,0.5,382.6739457368502,181.0,2.0,1.0
1414,0.0,0.1,0.5,24.17181885679829,7.0,2.0,1.0
1415,0.0,0.1,0.5,44.91495500983444,19.0,2.0,1.0
1416,0.0,0.1,0.5,115.50236042443397,49.0,2.0,1.0
1417,0.0,0.1,0.5,356.0802211001832,168.0,2.0,1.0
1418,0.0,0.1,0.5,19.777207310345876,12.0,2.0,1.0
1419,0.0,0.1,0.5,377.28844694983576,209.0,2.0,1.0
1420,0.0,0.1,0.5,115.42804135682606,64.0,2.0,1.0
1421,0.0,0.1,0.5,79.10089588801658,34.0,2.0,1.0
1422,0.0,0.1,0.5,18.152733650781183,4.0,2.0,1.0
1423,0.0,0.1,0.5,141.44910794731211,77.0,2.0,1.0
1424,0.0,0.1,0.5,702.6936247457157,375.0,2.0,1.0
1425,0.0,0.1,0.5,35.1143634681341,11.0,2.0,1.0
1426,0.0,0.1,0.5,40.25790107875412,18.0,2.0,1.0
1427,0.0,0.1,0.5,22.48659092946136,10.0,2.0,1.0
1428,0.0,0.1,0.5,61.08467071125538,35.0,2.0,1.0
1429,0.0,0.1,0.5,64.24664533311483,36.0,2.0,1.0
1430,0.0,0.1,0.5,16.4436697978963,2.0,2.0,1.0
1431,0.0,0.1,0.5,40.97386415260533,22.0,2.0,1.0
1432,0.0,0.1,0.5,47.01253365224427,15.0,2.0,1.0
1433,0.0,0.1,0.5,109.13092589781883,51.0,2.0,1.0
1434,0.0,0.1,0.5,25.858105669271747,14.0,2.0,1.0
1435,0.0,0.1,0.5,146.18253530382063,63.0,2.0,1.0
1436,0.0,0.1,0.5,25.877146839477867,11.0,2.0,1.0
1437,0.0,0.1,0.5,30.471757782932286,19.0,2.0,1.0
1438,0.0,0.1,0.5,45.57387416375013,26.0,2.0,1.0
1439,0.0,0.1,0.5,18.896422439935414,8.0,2.0,1.0
1440,0.0,0.1,0.5,79.52953140963136,36.0,2.0,1.0
1441,0.0,0.1,0.5,44.96455696245526,35.0,2.0,1.0
1442,0.0,0.1,0.5,36.613601849404404,9.0,2.0,1.0
1443,0.0,0.1,0.5,34.620069324003865,18.0,2.0,1.0
1444,0.0,0.1,0.5,107.98934341006236,58.0,2.0,1.0
1445,0.0,0.1,0.5,31.12215189843015,16.0,2.0,1.0
1446,0.0,0.1,0.5,35.36060583366608,14.0,2.0,1.0
1447,0.0,0.1,0.5,40.67665653613642,17.0,2.0,1.0
1448,0.0,0.1,0.5,108.64898237410037,66.0,2.0,1.0
1449,0.0,0.1,0.5,107.34928139809831,50.0,2.0,1.0
1450,0.0,0.1,0.5,354.7396794698198,181.0,2.0,1.0
1451,0.0,0.1,0.5,60.64590085584903,38.0,2.0,1.0
1452,0.0,0.1,0.5,106.78469767699846,60.0,2.0,1.0
1453,0.0,0.1,0.5,162.33932799980587,71.0,2.0,1.0
1454,0.0,0.1,0.5,187.77075152928077,96.0,2.0,1.0
1455,0.0,0.1,0.5,24.855191243856734,8.0,2.0,1.0
1456,0.0,0.1,0.5,67.5552563158924,38.0,2.0,1.0
1457,0.0,0.1,0.5,333.1108940321648,186.0,2.0,1.0
1458,0.0,0.1,0.5,79.92667962344748,44.0,2.0,1.0
1459,0.0,0.1,0.5,19.996076781815844,12.0,2.0,1.0
1460,0.0,0.1,0.5,29.90995831790798,8.0,2.0,1.0
1461,0.0,0.1,0.5,139.25743224974352,79.0,2.0,1.0
1462,0.0,0.1,0.5,62.55204236633626,31.0,2.0,1.0
1463,0.0,0.1,0.5,60.39465229789926,28.0,2.0,1.0
1464,0.0,0.1,0.5,28.640049832536654,15.0,2.0,1.0
1465,0.0,0.1,0.5,90.16325228277827,50.0,2.0,1.0
1466,0.0,0.1,0.5,212.61364617576496,112.0,2.0,1.0
1467,0.0,0.1,0.5,623.9957668419605,303.0,2.0,1.0
1468,0.0,0.1,0.5,58.23390932630494,33.0,2.0,1.0
1469,0.0,0.1,0.5,133.21256775691282,77.0,2.0,1.0
1470,0.0,0.1,0.5,114.94713132858212,60.0,2.0,1.0
1471,0.0,0.1,0.5,22.73181728732815,8.0,2.0,1.0
1472,0.0,0.1,0.5,57.35873907615414,20.0,2.0,1.0
1473,0.0,0.1,0.5,14.535751719176174,9.0,2.0,1.0
1474,0.0,0.1,0.5,27.741705771157996,11.0,2.0,1.0
1475,0.0,0.1,0.5,156.47398790058776,64.0,2.0,1.0
1476,0.0,0.1,0.5,60.031009489482685,28.0,2.0,1.0
1477,0.0,0.1,0.5,40.05701199461831,16.0,2.0,1.0
1478,0.0,0.1,0.5,206.383369099545,101.0,2.0,1.0
1479,0.0,0.1,0.5,29.327766858398412,15.0,2.0,1.0
1480,0.0,0.1,0.5,200.19331796745678,113.0,2.0,1.0
1481,0.0,0.1,0.5,45.10277545593765,23.0,2.0,1.0
1482,0.0,0.1,0.5,380.44663186507324,173.0,2.0,1.0
1483,0.0,0.1,0.5,71.38095183501656,36.0,2.0,1.0
1484,0.0,0.1,0.5,169.4936184957604,78.0,2.0,1.0
1485,0.0,0.1,0.5,59.895209535004824,37.0,2.0,1.0
1486,0.0,0.1,0.5,18.750144116829073,12.0,2.0,1.0
1487,0.0,0.1,0.5,25.417544295966085,14.0,2.0,1.0
1488,0.0,0.1,0.5,527.2712441434676,257.0,2.0,1.0
1489,0.0,0.1,0.5,387.8720129989505,174.0,2.0,1.0
1490,0.0,0.1,0.5,67.21741383341184,29.0,2.0,1.0
1491,0.0,0.1,0.5,47.62820092519854,27.0,2.0,1.0
1492,0.0,0.1,0.5,17.212902512116493,11.0,2.0,1.0
1493,0.0,0.1,0.5,217.5553253752294,113.0,2.0,1.0
1494,0.0,0.1,0.5,23.639274818603074,10.0,2.0,1.0
1495,0.0,0.1,0.5,33.61077401327452,6.0,2.0,1.0
1496,0.0,0.1,0.5,57.498269965862626,31.0,2.0,1.0
1497,0.0,0.1,0.5,63.25643098304663,33.0,2.0,1.0
1498,0.0,0.1,0.5,32.48842097954899,17.0,2.0,1.0
1499,0.0,0.1,0.5,16.841029062607145,9.0,2.0,1.0
1500,0.0,0.1,0.5,29.699752755718496,9.0,2.0,1.0
1501,0.0,0.1,0.5,103.67524474122575,45.0,2.0,1.0
1502,0.0,0.1,0.5,206.5950760834361,112.0,2.0,1.0
1503,0.0,0.1,0.5,104.31056060137539,49.0,2.0,1.0
1504,0.0,0.1,0.5,60.254526556035735,29.0,2.0,1.0
1505,0.0,0.1,0.5,19.171017427702427,11.0,2.0,1.0
1506,0.0,0.1,0.5,459.49678012084416,224.0,2.0,1.0
1507,0.0,0.1,0.5,105.76048847782153,57.0,2.0,1.0
1508,0.0,0.1,0.5,141.93928352358415,64.0,2.0,1.0
1509,0.0,0.1,0.5,18.83831465902079,8.0,2.0,1.0
1510,0.0,0.1,0.5,12.653833651113619,5.0,2.0,1.0
1511,0.0,0.1,0.5,71.76080456824508,26.0,2.0,1.0
1512,0.0,0.1,0.5,158.34913975398428,69.0,2.0,1.0
1513,0.0,0.1,0.5,237.1502265728161,126.0,2.0,1.0
1514,0.0,0.1,0.5,19.251584833295396,7.0,2.0,1.0
1515,0.0,0.1,0.5,14.529053588349624,13.0,2.0,1.0
1516,0.0,0.1,0.5,105.53376798693226,53.0,2.0,1.0
1517,0.0,0.1,0.5,21.321212766240432,12.0,2.0,1.0
1518,0.0,0.1,0.5,101.12783186754179,52.0,2.0,1.0
1519,0.0,0.1,0.5,15.282950403347526,7.0,2.0,1.0
1520,0.0,0.1,0.5,328.71099043198933,153.0,2.0,1.0
1521,0.0,0.1,0.5,77.81243079386992,22.0,2.0,1.0
1522,0.0,0.1,0.5,26.416127054562462,9.0,2.0,1.0
1523,0.0,0.1,0.5,73.55318345635999,33.0,2.0,1.0
1524,0.0,0.1,0.5,20.40889098009848,11.0,2.0,1.0
1525,0.0,0.1,0.5,241.53642267227096,129.0,2.0,1.0
1526,0.0,0.1,0.5,114.62680242184618,47.0,2.0,1.0
1527,0.0,0.1,0.5,23.134139914232925,10.0,2.0,1.0
1528,0.0,0.1,0.5,35.72198631459022,15.0,2.0,1.0
1529,0.0,0.1,0.5,62.5356657363047,29.0,2.0,1.0
1530,0.0,0.1,0.5,18.211786803199868,8.0,2.0,1.0
1531,0.0,0.1,0.5,111.07496098622813,54.0,2.0,1.0
1532,0.0,0.1,0.5,205.6945808597208,111.0,2.0,1.0
1533,0.0,0.1,0.5,111.53676599921431,49.0,2.0,1.0
1534,0.0,0.1,0.5,14.435015279617316,8.0,2.0,1.0
1535,0.0,0.1,0.5,240.63511763617646,124.0,2.0,1.0
1536,0.0,0.1,0.5,67.85510150006701,37.0,2.0,1.0
1537,0.0,0.1,0.5,22.22447289659622,12.0,2.0,1.0
1538,0.0,0.1,0.5,246.98252277269467,113.0,2.0,1.0
1539,0.0,0.1,0.5,122.35263742111887,47.0,2.0,1.0
1540,0.0,0.1,0.5,62.308587320078864,23.0,2.0,1.0
1541,0.0,0.1,0.5,259.7765737747529,118.0,2.0,1.0
1542,0.0,0.1,0.5,41.457142313107546,16.0,2.0,1.0
1543,0.0,0.1,0.5,118.52144700909396,51.0,2.0,1.0
1544,0.0,0.1,0.5,236.46350143736154,128.0,2.0,1.0
1545,0.0,0.1,0.5,143.3933450666792,73.0,2.0,1.0
1546,0.0,0.1,0.5,31.171009676575867,13.0,2.0,1.0
1547,0.0,0.1,0.5,17.312291803399624,9.0,2.0,1.0
1548,0.0,0.1,0.5,206.17394523316867,114.0,2.0,1.0
1549,0.0,0.1,0.5,108.45713844017601,57.0,2.0,1.0
1550,0.0,0.1,0.5,22.390498113810306,17.0,2.0,1.0
1551,0.0,0.1,0.5,224.11541379417022,105.0,2.0,1.0
1552,0.0,0.1,0.5,101.1894543716527,53.0,2.0,1.0
1553,0.0,0.1,0.5,18.439781478411046,9.0,2.0,1.0
1554,0.0,0.1,0.5,20.722211231484486,9.0,2.0,1.0
1555,0.0,0.1,0.5,106.38001710116546,64.0,2.0,1.0
1556,0.0,0.1,0.5,72.60249014143506,30.0,2.0,1.0
1557,0.0,0.1,0.5,41.48463857893836,22.0,2.0,1.0
1558,0.0,0.1,0.5,63.56977533634305,30.0,2.0,1.0
1559,0.0,0.1,0.5,26.251302858215617,10.0,2.0,1.0
1560,0.0,0.1,0.5,341.6129559306262,171.0,2.0,1.0
1561,0.0,0.1,0.5,59.7369098468672,33.0,2.0,1.0
1562,0.0,0.1,0.5,495.8797003825045,251.0,2.0,1.0
1563,0.0,0.1,0.5,48.318341406081856,27.0,2.0,1.0
1564,0.0,0.1,0.5,308.5877801594252,167.0,2.0,1.0
1565,0.0,0.1,0.5,399.77146082629855,214.0,2.0,1.0
1566,0.0,0.1,0.5,543.2518662917608,251.0,2.0,1.0
1567,0.0,0.1,0.5,26.307459541835325,17.0,2.0,1.0
1568,0.0,0.1,0.5,160.77275072974473,70.0,2.0,1.0
1569,0.0,0.1,0.5,276.76301551658895,126.0,2.0,1.0
1570,0.0,0.1,0.5,748.9524576830314,380.0,2.0,1.0
1571,0.0,0.1,0.5,154.21060036156214,90.0,2.0,1.0
1572,0.0,0.1,0.5,517.2230609660072,283.0,2.0,1.0
1573,0.0,0.1,0.5,26.73743554177101,7.0,2.0,1.0
1574,0.0,0.1,0.5,446.545872285189,222.0,2.0,1.0
1575,0.0,0.1,0.5,22.459888764748925,13.0,2.0,1.0
1576,0.0,0.1,0.5,150.64676227985274,85.0,2.0,1.0
1577,0.0,0.1,0.5,32.94177079107453,15.0,2.0,1.0
1578,0.0,0.1,0.5,416.78919338239814,203.0,2.0,1.0
1579,0.0,0.1,0.5,200.28841141129269,95.0,2.0,1.0
1580,0.0,0.1,0.5,111.67975597671062,49.0,2.0,1.0
1581,0.0,0.1,0.5,35.28362387691336,14.0,2.0,1.0
1582,0.0,0.1,0.5,506.38849082391255,266.0,2.0,1.0
1583,0.0,0.1,0.5,315.27291699666387,164.0,2.0,1.0
1584,0.0,0.1,0.5,239.3170637808777,127.0,2.0,1.0
1585,0.0,0.1,0.5,64.03858013536197,34.0,2.0,1.0
1586,0.0,0.1,0.5,21.720216632137177,7.0,2.0,1.0
1587,0.0,0.1,0.5,67.14381885597194,29.0,2.0,1.0
1588,0.0,0.1,0.5,150.13094203458343,71.0,2.0,1.0
1589,0.0,0.1,0.5,47.34121146257045,19.0,2.0,1.0
1590,0.0,0.1,0.5,353.6067619611554,164.0,2.0,1.0
1591,0.0,0.1,0.5,620.8620166866582,323.0,2.0,1.0
1592,0.0,0.1,0.5,14.866751528675998,9.0,2.0,1.0
1593,0.0,0.1,0.5,118.21026773423387,66.0,2.0,1.0
1594,0.0,0.1,0.5,31.57548706867862,20.0,2.0,1.0
1595,0.0,0.1,0.5,402.00468972116175,185.0,2.0,1.0
1596,0.0,0.1,0.5,21.799783399705372,8.0,2.0,1.0
1597,0.0,0.1,0.5,94.64199743143021,48.0,2.0,1.0
1598,0.0,0.1,0.5,22.756302286702745,11.0,2.0,1.0
1599,0.0,0.1,0.5,261.5812025656983,140.0,2.0,1.0
1600,0.0,0.1,0.5,419.6521529510264,217.0,2.0,1.0
1601,0.0,0.1,0.5,80.52175458131072,40.0,2.0,1.0
1602,0.0,0.1,0.5,105.87394026288449,52.0,2.0,1.0
1603,0.0,0.1,0.5,23.87261868705466,10.0,2.0,1.0
1604,0.0,0.1,0.5,139.83940999353865,82.0,2.0,1.0
1605,0.0,0.1,0.5,45.67103913336618,16.0,2.0,1.0
1606,0.0,0.1,0.5,153.20284402409987,66.0,2.0,1.0
1607,0.0,0.1,0.5,197.01687768266515,94.0,2.0,1.0
1608,0.0,0.1,0.5,71.75026483481065,35.0,2.0,1.0
1609,0.0,0.1,0.5,13.828593004645253,4.0,2.0,1.0
1610,0.0,0.1,0.5,166.40262638524337,66.0,2.0,1.0
1611,0.0,0.1,0.5,25.129627093482057,17.0,2.0,1.0
1612,0.0,0.1,0.5,99.19460398736781,49.0,2.0,1.0
1613,0.0,0.1,0.5,22.419552650425516,11.0,2.0,1.0
1614,0.0,0.1,0.5,253.33830079754372,150.0,2.0,1.0
1615,0.0,0.1,0.5,887.9590114469038,461.0,2.0,1.0
1616,0.0,0.1,0.5,13.446377937736457,7.0,2.0,1.0
1617,0.0,0.1,0.5,18.98441407811225,7.0,2.0,1.0
1618,0.0,0.1,0.5,91.4874747172539,37.0,2.0,1.0
1619,0.0,0.1,0.5,327.50716418534284,157.0,2.0,1.0
1620,0.0,0.1,0.5,106.29365051586885,57.0,2.0,1.0
1621,0.0,0.1,0.5,19.73125110187464,9.0,2.0,1.0
1622,0.0,0.1,0.5,24.932850319178925,17.0,2.0,1.0
1623,0.0,0.1,0.5,520.5685652695645,250.0,2.0,1.0
1624,0.0,0.1,0.5,95.2599484190922,59.0,2.0,1.0
1625,0.0,0.1,0.5,29.164441713584235,14.0,2.0,1.0
1626,0.0,0.1,0.5,103.24094891641401,49.0,2.0,1.0
1627,0.0,0.1,0.5,23.472651086337283,9.0,2.0,1.0
1628,0.0,0.1,0.5,28.20672179485403,7.0,2.0,1.0
1629,0.0,0.1,0.5,189.35009999524007,85.0,2.0,1.0
1630,0.0,0.1,0.5,74.95120617678565,41.0,2.0,1.0
1631,0.0,0.1,0.5,78.8960113889697,33.0,2.0,1.0
1632,0.0,0.1,0.5,81.24260803827178,33.0,2.0,1.0
1633,0.0,0.1,0.5,28.27781624799451,6.0,2.0,1.0
1634,0.0,0.1,0.5,245.5121327364986,123.0,2.0,1.0
1635,0.0,0.1,0.5,23.066513592851916,10.0,2.0,1.0
1636,0.0,0.1,0.5,543.5791526655829,297.0,2.0,1.0
1637,0.0,0.1,0.5,116.96091584453829,60.0,2.0,1.0
1638,0.0,0.1,0.5,408.6795027166663,212.0,2.0,1.0
1639,0.0,0.1,0.5,35.34631784991895,13.0,2.0,1.0
1640,0.0,0.1,0.5,69.4853714588101,33.0,2.0,1.0
1641,0.0,0.1,0.5,377.57671148632204,199.0,2.0,1.0
1642,0.0,0.1,0.5,29.21480376254732,17.0,2.0,1.0
1643,0.0,0.1,0.5,39.77834255036883,14.0,2.0,1.0
1644,0.0,0.1,0.5,109.94643869852673,46.0,2.0,1.0
1645,0.0,0.1,0.5,204.33633632636403,99.0,2.0,1.0
1646,0.0,0.1,0.5,186.58818637860458,80.0,2.0,1.0
1647,0.0,0.1,0.5,523.5228162613909,276.0,2.0,1.0
1648,0.0,0.1,0.5,20.111121326919225,10.0,2.0,1.0
1649,0.0,0.1,0.5,21.64893589379434,10.0,2.0,1.0
1650,0.0,0.1,0.5,61.158423788338574,24.0,2.0,1.0
1651,0.0,0.1,0.5,33.800162239538416,16.0,2.0,1.0
1652,0.0,0.1,0.5,48.41736353747298,20.0,2.0,1.0
1653,0.0,0.1,0.5,124.44058744701532,59.0,2.0,1.0
1654,0.0,0.1,0.5,14.5285181395843,10.0,2.0,1.0
1655,0.0,0.1,0.5,372.2491925811631,221.0,2.0,1.0
1656,0.0,0.1,0.5,77.80809214003794,38.0,2.0,1.0
1657,0.0,0.1,0.5,62.67767411155111,30.0,2.0,1.0
1658,0.0,0.1,0.5,62.29178787220796,35.0,2.0,1.0
1659,0.0,0.1,0.5,389.60526113578845,195.0,2.0,1.0
1660,0.0,0.1,0.5,187.19493354948065,102.0,2.0,1.0
1661,0.0,0.1,0.5,110.79764049325303,49.0,2.0,1.0
1662,0.0,0.1,0.5,93.52311068580393,44.0,2.0,1.0
1663,0.0,0.1,0.5,111.93820948158438,61.0,2.0,1.0
1664,0.0,0.1,0.5,68.49311048700275,39.0,2.0,1.0
1665,0.0,0.1,0.5,362.7665281773577,192.0,2.0,1.0
1666,0.0,0.1,0.5,189.20608411253357,82.0,2.0,1.0
1667,0.0,0.1,0.5,204.4731282382591,93.0,2.0,1.0
1668,0.0,0.1,0.5,207.13568409495383,93.0,2.0,1.0
1669,0.0,0.1,0.5,78.6690606977157,32.0,2.0,1.0
1670,0.0,0.1,0.5,209.06919118316847,99.0,2.0,1.0
1671,0.0,0.1,0.5,276.0400967747926,126.0,2.0,1.0
1672,0.0,0.1,0.5,158.96735746095132,83.0,2.0,1.0
1673,0.0,0.1,0.5,39.594526444323535,18.0,2.0,1.0
1674,0.0,0.1,0.5,44.808380612468234,24.0,2.0,1.0
1675,0.0,0.1,0.5,21.404444591120587,4.0,2.0,1.0
1676,0.0,0.1,0.5,29.16799320571486,9.0,2.0,1.0
1677,0.0,0.1,0.5,18.454194495390222,6.0,2.0,1.0
1678,0.0,0.1,0.5,161.91083419877913,85.0,2.0,1.0
1679,0.0,0.1,0.5,293.9811483838351,160.0,2.0,1.0
1680,0.0,0.1,0.5,47.079515317766116,26.0,2.0,1.0
1681,0.0,0.1,0.5,28.66702668285295,13.0,2.0,1.0
1682,0.0,0.1,0.5,159.85500043711832,83.0,2.0,1.0
1683,0.0,0.1,0.5,164.2085121683516,81.0,2.0,1.0
1684,0.0,0.1,0.5,330.40533898878573,175.0,2.0,1.0
1685,0.0,0.1,0.5,331.09552932404637,164.0,2.0,1.0
1686,0.0,0.1,0.5,34.863775947016805,17.0,2.0,1.0
1687,0.0,0.1,0.5,64.89223200354476,38.0,2.0,1.0
1688,0.0,0.1,0.5,338.4771251080385,169.0,2.0,1.0
1689,0.0,0.1,0.5,25.515196549153767,14.0,2.0,1.0
1690,0.0,0.1,0.5,40.61148569051649,16.0,2.0,1.0
1691,0.0,0.1,0.5,105.90050120759516,59.0,2.0,1.0
1692,0.0,0.1,0.5,73.8654542465652,38.0,2.0,1.0
1693,0.0,0.1,0.5,444.9048432590759,238.0,2.0,1.0
1694,0.0,0.1,0.5,45.24448526478983,25.0,2.0,1.0
1695,0.0,0.1,0.5,68.13958605885857,31.0,2.0,1.0
1696,0.0,0.1,0.5,410.6144039064785,222.0,2.0,1.0
1697,0.0,0.1,0.5,100.55340502772012,51.0,2.0,1.0
1698,0.0,0.1,0.5,43.273180531972244,16.0,2.0,1.0
1699,0.0,0.1,0.5,44.406085228572856,18.0,2.0,1.0
1700,0.0,0.1,0.5,63.90911341290677,25.0,2.0,1.0
1701,0.0,0.1,0.5,67.3674031202055,49.0,2.0,1.0
1702,0.0,0.1,0.5,144.93402847739046,79.0,2.0,1.0
1703,0.0,0.1,0.5,319.9920876182148,143.0,2.0,1.0
1704,0.0,0.1,0.5,73.91400170986941,35.0,2.0,1.0
1705,0.0,0.1,0.5,17.245117958963625,4.0,2.0,1.0
1706,0.0,0.1,0.5,352.01628256529597,194.0,2.0,1.0
1707,0.0,0.1,0.5,125.56507119752142,50.0,2.0,1.0
1708,0.0,0.1,0.5,20.428183383456354,14.0,2.0,1.0
1709,0.0,0.1,0.5,305.0769956216447,145.0,2.0,1.0
1710,0.0,0.1,0.5,240.77940914710044,127.0,2.0,1.0
1711,0.0,0.1,0.5,66.42452288031097,42.0,2.0,1.0
1712,0.0,0.1,0.5,468.0317383916966,217.0,2.0,1.0
1713,0.0,0.1,0.5,78.09651518388384,38.0,2.0,1.0
1714,0.0,0.1,0.5,18.491661220318946,12.0,2.0,1.0
1715,0.0,0.1,0.5,325.9173114378549,164.0,2.0,1.0
1716,0.0,0.1,0.5,161.49873067088706,79.0,2.0,1.0
1717,0.0,0.1,0.5,14.369092865196542,6.0,2.0,1.0
1718,0.0,0.1,0.5,161.28262493474173,84.0,2.0,1.0
1719,0.0,0.1,0.5,78.1601009847307,34.0,2.0,1.0
1720,0.0,0.1,0.5,490.9950501918584,263.0,2.0,1.0
1721,0.0,0.1,0.5,99.69081184927421,44.0,2.0,1.0
1722,0.0,0.1,0.5,22.194854163716627,3.0,2.0,1.0
1723,0.0,0.1,0.5,58.6163865405426,20.0,2.0,1.0
1724,0.0,0.1,0.5,93.74498338887594,55.0,2.0,1.0
1725,0.0,0.1,0.5,55.00386048701159,32.0,2.0,1.0
1726,0.0,0.1,0.5,24.659750751235425,13.0,2.0,1.0
1727,0.0,0.1,0.5,92.54057529648067,46.0,2.0,1.0
1728,0.0,0.1,0.5,44.74084347233722,25.0,2.0,1.0
1729,0.0,0.1,0.5,265.34748595896264,139.0,2.0,1.0
1730,0.0,0.1,0.5,289.793186254906,146.0,2.0,1.0
1731,0.0,0.1,0.5,94.43262631246323,51.0,2.0,1.0
1732,0.0,0.1,0.5,59.836203285555804,30.0,2.0,1.0
1733,0.0,0.1,0.5,21.65015469489592,10.0,2.0,1.0
1734,0.0,0.1,0.5,24.93634972845247,10.0,2.0,1.0
1735,0.0,0.1,0.5,241.61246849547337,117.0,2.0,1.0
1736,0.0,0.1,0.5,23.86032800180882,13.0,2.0,1.0
1737,0.0,0.1,0.5,102.23168948863723,41.0,2.0,1.0
1738,0.0,0.1,0.5,78.82848837038337,38.0,2.0,1.0
1739,0.0,0.1,0.5,14.812436797169887,7.0,2.0,1.0
1740,0.0,0.1,0.5,16.774767094432402,12.0,2.0,1.0
1741,0.0,0.1,0.5,114.3891436666243,61.0,2.0,1.0
1742,0.0,0.1,0.5,67.40124180363208,37.0,2.0,1.0
1743,0.0,0.1,0.5,192.12825761054506,84.0,2.0,1.0
1744,0.0,0.1,0.5,262.78410729735594,130.0,2.0,1.0
1745,0.0,0.1,0.5,49.705509384849975,27.0,2.0,1.0
1746,0.0,0.1,0.5,16.64592418197215,8.0,2.0,1.0
1747,0.0,0.1,0.5,149.4751587717915,67.0,2.0,1.0
1748,0.0,0.1,0.5,131.30065655292637,74.0,2.0,1.0
1749,0.0,0.1,0.5,101.96616852991674,48.0,2.0,1.0
1750,0.0,0.1,0.5,32.605291953235465,21.0,2.0,1.0
1751,0.0,0.1,0.5,112.14559425511398,56.0,2.0,1.0
1752,0.0,0.1,0.5,75.80343510484897,33.0,2.0,1.0
1753,0.0,0.1,0.5,110.88328466655187,78.0,2.0,1.0
1754,0.0,0.1,0.5,162.41882354420704,76.0,2.0,1.0
1755,0.0,0.1,0.5,352.23159061217086,176.0,2.0,1.0
1756,0.0,0.1,0.5,108.77282854630973,62.0,2.0,1.0
1757,0.0,0.1,0.5,30.072291664583545,18.0,2.0,1.0
1758,0.0,0.1,0.5,82.87821979672258,47.0,2.0,1.0
1759,0.0,0.1,0.5,56.71838644663146,23.0,2.0,1.0
1760,0.0,0.1,0.5,80.5833799409458,37.0,2.0,1.0
1761,0.0,0.1,0.5,143.99768706705865,69.0,2.0,1.0
1762,0.0,0.1,0.5,38.039592654798824,17.0,2.0,1.0
1763,0.0,0.1,0.5,120.86045048288047,60.0,2.0,1.0
1764,0.0,0.1,0.5,87.39470210368897,48.0,2.0,1.0
1765,0.0,0.1,0.5,62.46066872327674,33.0,2.0,1.0
1766,0.0,0.1,0.5,61.81587263568786,26.0,2.0,1.0
1767,0.0,0.1,0.5,74.59016903192214,20.0,2.0,1.0
1768,0.0,0.1,0.5,445.71304498029525,225.0,2.0,1.0
1769,0.0,0.1,0.5,21.248645755974945,8.0,2.0,1.0
1770,0.0,0.1,0.5,158.12161697781423,76.0,2.0,1.0
1771,0.0,0.1,0.5,44.319152917328,21.0,2.0,1.0
1772,0.0,0.1,0.5,103.42488755505397,61.0,2.0,1.0
1773,0.0,0.1,0.5,86.83700963878505,47.0,2.0,1.0
1774,0.0,0.1,0.5,199.68398726728196,90.0,2.0,1.0
1775,0.0,0.1,0.5,77.51428408087723,47.0,2.0,1.0
1776,0.0,0.1,0.5,27.76405481687473,13.0,2.0,1.0
1777,0.0,0.1,0.5,27.984954904287804,7.0,2.0,1.0
1778,0.0,0.1,0.5,20.294526466324275,10.0,2.0,1.0
1779,0.0,0.1,0.5,25.773650139731036,15.0,2.0,1.0
1780,0.0,0.1,0.5,265.7427892649321,127.0,2.0,1.0
1781,0.0,0.1,0.5,63.449221552060834,29.0,2.0,1.0
1782,0.0,0.1,0.5,279.9495672020622,144.0,2.0,1.0
1783,0.0,0.1,0.5,67.1637318668451,40.0,2.0,1.0
1784,0.0,0.1,0.5,94.86128417697877,41.0,2.0,1.0
1785,0.0,0.1,0.5,162.48708873444212,63.0,2.0,1.0
1786,0.0,0.1,0.5,393.47347278951986,185.0,2.0,1.0
1787,0.0,0.1,0.5,660.71663167283,310.0,2.0,1.0
1788,0.0,0.1,0.5,113.01134722079073,55.0,2.0,1.0
1789,0.0,0.1,0.5,199.04454774744042,90.0,2.0,1.0
1790,0.0,0.1,0.5,30.129260837288555,11.0,2.0,1.0
1791,0.0,0.1,0.5,24.249263708623943,12.0,2.0,1.0
1792,0.0,0.1,0.5,34.03659222965163,17.0,2.0,1.0
1793,0.0,0.1,0.5,32.39208622087364,16.0,2.0,1.0
1794,0.0,0.1,0.5,39.52244808473815,19.0,2.0,1.0
1795,0.0,0.1,0.5,246.56656530190793,122.0,2.0,1.0
1796,0.0,0.1,0.5,47.654900336436846,25.0,2.0,1.0
1797,0.0,0.1,0.5,236.2398808242293,113.0,2.0,1.0
1798,0.0,0.1,0.5,58.07268023416352,31.0,2.0,1.0
1799,0.0,0.1,0.5,27.039756485963313,20.0,2.0,1.0
1800,0.0,0.1,0.5,29.17938576577891,23.0,2.0,1.0
1801,0.0,0.1,0.5,154.2861897874073,83.0,2.0,1.0
1802,0.0,0.1,0.5,410.04199664349824,201.0,2.0,1.0
1803,0.0,0.1,0.5,24.377119839962027,10.0,2.0,1.0
1804,0.0,0.1,0.5,17.034679383030117,7.0,2.0,1.0
1805,0.0,0.1,0.5,24.999402257846235,6.0,2.0,1.0
1806,0.0,0.1,0.5,441.99001741584703,224.0,2.0,1.0
1807,0.0,0.1,0.5,42.980300408718264,14.0,2.0,1.0
1808,0.0,0.1,0.5,198.0451205264315,107.0,2.0,1.0
1809,0.0,0.1,0.5,19.416368612379284,11.0,2.0,1.0
1810,0.0,0.1,0.5,21.59697261337858,6.0,2.0,1.0
1811,0.0,0.1,0.5,105.57730801453424,48.0,2.0,1.0
1812,0.0,0.1,0.5,21.01190990787277,11.0,2.0,1.0
1813,0.0,0.1,0.5,19.217636160801614,10.0,2.0,1.0
1814,0.0,0.1,0.5,16.64813011035127,7.0,2.0,1.0
1815,0.0,0.1,0.5,21.980567209060517,10.0,2.0,1.0
1816,0.0,0.1,0.5,120.26524606521596,55.0,2.0,1.0
1817,0.0,0.1,0.5,16.43795207610506,12.0,2.0,1.0
1818,0.0,0.1,0.5,249.02255012951636,122.0,2.0,1.0
1819,0.0,0.1,0.5,159.49425252704907,81.0,2.0,1.0
1820,0.0,0.1,0.5,165.89798622547286,71.0,2.0,1.0
1821,0.0,0.1,0.5,36.211573636891124,25.0,2.0,1.0
1822,0.0,0.1,0.5,36.47632272954293,15.0,2.0,1.0
1823,0.0,0.1,0.5,58.22537559893652,28.0,2.0,1.0
1824,0.0,0.1,0.5,83.35151910928705,43.0,2.0,1.0
1825,0.0,0.1,0.5,15.394933019464187,6.0,2.0,1.0
1826,0.0,0.1,0.5,23.95468239072339,14.0,2.0,1.0
1827,0.0,0.1,0.5,26.725470705051194,15.0,2.0,1.0
1828,0.0,0.1,0.5,59.429489476344365,37.0,2.0,1.0
1829,0.0,0.1,0.5,29.551962640321797,11.0,2.0,1.0
1830,0.0,0.1,0.5,134.15021215377098,69.0,2.0,1.0
1831,0.0,0.1,0.5,23.48955463965853,12.0,2.0,1.0
1832,0.0,0.1,0.5,21.29817085624876,12.0,2.0,1.0
1833,0.0,0.1,0.5,20.752672671547923,9.0,2.0,1.0
1834,0.0,0.1,0.5,428.0311283042405,244.0,2.0,1.0
1835,0.0,0.1,0.5,31.57533823470566,15.0,2.0,1.0
1836,0.0,0.1,0.5,13.12233300279134,4.0,2.0,1.0
1837,0.0,0.1,0.5,81.48646698770526,43.0,2.0,1.0
1838,0.0,0.1,0.5,196.28877913885114,95.0,2.0,1.0
1839,0.0,0.1,0.5,186.43548390284073,80.0,2.0,1.0
1840,0.0,0.1,0.5,21.19306212604189,10.0,2.0,1.0
1841,0.0,0.1,0.5,84.39630660837207,35.0,2.0,1.0
1842,0.0,0.1,0.5,27.525157290194606,10.0,2.0,1.0
1843,0.0,0.1,0.5,110.11388804280715,58.0,2.0,1.0
1844,0.0,0.1,0.5,248.8715610063775,112.0,2.0,1.0
1845,0.0,0.1,0.5,96.19459903335719,52.0,2.0,1.0
1846,0.0,0.1,0.5,77.6778417566439,32.0,2.0,1.0
1847,0.0,0.1,0.5,296.74513906117,135.0,2.0,1.0
1848,0.0,0.1,0.5,110.43408016691528,64.0,2.0,1.0
1849,0.0,0.1,0.5,150.6777974782413,85.0,2.0,1.0
1850,0.0,0.1,0.5,29.01168819437728,13.0,2.0,1.0
1851,0.0,0.1,0.5,17.126208239183356,6.0,2.0,1.0
1852,0.0,0.1,0.5,140.83670058236544,70.0,2.0,1.0
1853,0.0,0.1,0.5,19.65301301437053,6.0,2.0,1.0
1854,0.0,0.1,0.5,26.470796527326513,15.0,2.0,1.0
1855,0.0,0.1,0.5,306.07671417571487,145.0,2.0,1.0
1856,0.0,0.1,0.5,106.9514877556768,53.0,2.0,1.0
1857,0.0,0.1,0.5,127.89576833177992,76.0,2.0,1.0
1858,0.0,0.1,0.5,154.5245478733932,82.0,2.0,1.0
1859,0.0,0.1,0.5,264.5837511720427,144.0,2.0,1.0
1860,0.0,0.1,0.5,22.212948287087052,16.0,2.0,1.0
1861,0.0,0.1,0.5,27.47365861410021,14.0,2.0,1.0
1862,0.0,0.1,0.5,917.2286536052229,502.0,2.0,1.0
1863,0.0,0.1,0.5,24.59521225222754,13.0,2.0,1.0
1864,0.0,0.1,0.5,197.82508497715122,100.0,2.0,1.0
1865,0.0,0.1,0.5,30.154131583594722,10.0,2.0,1.0
1866,0.0,0.1,0.5,417.1129453192436,208.0,2.0,1.0
1867,0.0,0.1,0.5,61.84376211231845,33.0,2.0,1.0
1868,0.0,0.1,0.5,44.39549940134775,24.0,2.0,1.0
1869,0.0,0.1,0.5,140.27908746896694,67.0,2.0,1.0
1870,0.0,0.1,0.5,87.10804803364088,39.0,2.0,1.0
1871,0.0,0.1,0.5,141.7263627834334,85.0,2.0,1.0
1872,0.0,0.1,0.5,15.976391676086209,8.0,2.0,1.0
1873,0.0,0.1,0.5,35.12401488500551,17.0,2.0,1.0
1874,0.0,0.1,0.5,14.562744299779121,9.0,2.0,1.0
1875,0.0,0.1,0.5,54.298866073096974,28.0,2.0,1.0
1876,0.0,0.1,0.5,15.616719255778378,4.0,2.0,1.0
1877,0.0,0.1,0.5,128.67898252528838,66.0,2.0,1.0
1878,0.0,0.1,0.5,21.962212813582507,17.0,2.0,1.0
1879,0.0,0.1,0.5,102.20096888209737,45.0,2.0,1.0
1880,0.0,0.1,0.5,33.61033747321019,17.0,2.0,1.0
1881,0.0,0.1,0.5,23.154545734302587,18.0,2.0,1.0
1882,0.0,0.1,0.5,599.9626639328533,283.0,2.0,1.0
1883,0.0,0.1,0.5,20.817546801908108,13.0,2.0,1.0
1884,0.0,0.1,0.5,47.80260075787769,17.0,2.0,1.0
1885,0.0,0.1,0.5,23.85383556450575,11.0,2.0,1.0
1886,0.0,0.1,0.5,358.3779798230484,193.0,2.0,1.0
1887,0.0,0.1,0.5,25.49191441252093,13.0,2.0,1.0
1888,0.0,0.1,0.5,468.39949617498297,234.0,2.0,1.0
1889,0.0,0.1,0.5,42.28583632160737,29.0,2.0,1.0
1890,0.0,0.1,0.5,20.62074046202021,9.0,2.0,1.0
1891,0.0,0.1,0.5,18.82091094421198,6.0,2.0,1.0
1892,0.0,0.1,0.5,18.07226880892892,9.0,2.0,1.0
1893,0.0,0.1,0.5,168.90867971738362,80.0,2.0,1.0
1894,0.0,0.1,0.5,59.994229689353716,23.0,2.0,1.0
1895,0.0,0.1,0.5,172.5650045404276,81.0,2.0,1.0
1896,0.0,0.1,0.5,374.36325936971326,209.0,2.0,1.0
1897,0.0,0.1,0.5,22.911481557387887,9.0,2.0,1.0
1898,0.0,0.1,0.5,242.75628047841852,106.0,2.0,1.0
1899,0.0,0.1,0.5,790.7722696605393,433.0,2.0,1.0
1900,0.0,0.1,0.5,547.980184708951,282.0,2.0,1.0
1901,0.0,0.1,0.5,16.507959634639356,15.0,2.0,1.0
1902,0.0,0.1,0.5,62.045609681718624,36.0,2.0,1.0
1903,0.0,0.1,0.5,168.42557232635602,102.0,2.0,1.0
1904,0.0,0.1,0.5,62.11954929555647,30.0,2.0,1.0
1905,0.0,0.1,0.5,285.99722771167256,156.0,2.0,1.0
1906,0.0,0.1,0.5,582.0521003319475,270.0,2.0,1.0
1907,0.0,0.1,0.5,25.23804394794759,15.0,2.0,1.0
1908,0.0,0.1,0.5,41.28558986689842,19.0,2.0,1.0
1909,0.0,0.1,0.5,19.791942730383223,11.0,2.0,1.0
1910,0.0,0.1,0.5,13.880141758114238,5.0,2.0,1.0
1911,0.0,0.1,0.5,44.99411541265739,21.0,2.0,1.0
1912,0.0,0.1,0.5,450.21397134729045,235.0,2.0,1.0
1913,0.0,0.1,0.5,118.599164538744,69.0,2.0,1.0
1914,0.0,0.1,0.5,25.466735967803746,5.0,2.0,1.0
1915,0.0,0.1,0.5,84.72687461551261,30.0,2.0,1.0
1916,0.0,0.1,0.5,26.80052337181975,7.0,2.0,1.0
1917,0.0,0.1,0.5,38.934970543647864,21.0,2.0,1.0
1918,0.0,0.1,0.5,159.12904439454982,104.0,2.0,1.0
1919,0.0,0.1,0.5,218.31966950453187,109.0,2.0,1.0
1920,0.0,0.1,0.5,11.810746856293639,4.0,2.0,1.0
1921,0.0,0.1,0.5,18.334095169391436,11.0,2.0,1.0
1922,0.0,0.1,0.5,323.59015694202833,169.0,2.0,1.0
1923,0.0,0.1,0.5,110.9083111113149,59.0,2.0,1.0
1924,0.0,0.1,0.5,67.75424560647603,17.0,2.0,1.0
1925,0.0,0.1,0.5,195.5590871419611,99.0,2.0,1.0
1926,0.0,0.1,0.5,46.90767858700793,20.0,2.0,1.0
1927,0.0,0.1,0.5,186.33317098344577,91.0,2.0,1.0
1928,0.0,0.1,0.5,1442.3122890718803,741.0,2.0,1.0
1929,0.0,0.1,0.5,31.405433252277007,22.0,2.0,1.0
1930,0.0,0.1,0.5,62.16160885022985,27.0,2.0,1.0
1931,0.0,0.1,0.5,319.58549498656015,160.0,2.0,1.0
1932,0.0,0.1,0.5,366.876321629294,173.0,2.0,1.0
1933,0.0,0.1,0.5,425.0763156381592,189.0,2.0,1.0
1934,0.0,0.1,0.5,16.56521064839758,8.0,2.0,1.0
1935,0.0,0.1,0.5,237.72965065393424,139.0,2.0,1.0
1936,0.0,0.1,0.5,558.4978894734937,262.0,2.0,1.0
1937,0.0,0.1,0.5,45.53562593793378,21.0,2.0,1.0
1938,0.0,0.1,0.5,353.51422175836313,159.0,2.0,1.0
1939,0.0,0.1,0.5,22.28865123948588,10.0,2.0,1.0
1940,0.0,0.1,0.5,236.51777376200246,128.0,2.0,1.0
1941,0.0,0.1,0.5,15.606226130812603,12.0,2.0,1.0
1942,0.0,0.1,0.5,25.158265084201872,5.0,2.0,1.0
1943,0.0,0.1,0.5,273.21342836408604,122.0,2.0,1.0
1944,0.0,0.1,0.5,164.87248189274183,90.0,2.0,1.0
1945,0.0,0.1,0.5,73.68605269970499,38.0,2.0,1.0
1946,0.0,0.1,0.5,24.812327203476016,8.0,2.0,1.0
1947,0.0,0.1,0.5,86.22474913096598,44.0,2.0,1.0
1948,0.0,0.1,0.5,21.185743552958364,6.0,2.0,1.0
1949,0.0,0.1,0.5,66.17378089524269,40.0,2.0,1.0
1950,0.0,0.1,0.5,33.53380342765587,10.0,2.0,1.0
1951,0.0,0.1,0.5,63.2143770377268,24.0,2.0,1.0
1952,0.0,0.1,0.5,69.92513753504306,34.0,2.0,1.0
1953,0.0,0.1,0.5,67.34129995372749,37.0,2.0,1.0
1954,0.0,0.1,0.5,169.68472230816437,83.0,2.0,1.0
1955,0.0,0.1,0.5,279.2265250573355,141.0,2.0,1.0
1956,0.0,0.1,0.5,82.3076404128402,34.0,2.0,1.0
1957,0.0,0.1,0.5,28.21991555183721,14.0,2.0,1.0
1958,0.0,0.1,0.5,189.53352895206515,106.0,2.0,1.0
1959,0.0,0.1,0.5,76.55217653887546,53.0,2.0,1.0
1960,0.0,0.1,0.5,173.67359704995835,98.0,2.0,1.0
1961,0.0,0.1,0.5,23.947253236458884,7.0,2.0,1.0
1962,0.0,0.1,0.5,60.80545327118284,33.0,2.0,1.0
1963,0.0,0.1,0.5,109.40738204377324,58.0,2.0,1.0
1964,0.0,0.1,0.5,143.78398213372202,80.0,2.0,1.0
1965,0.0,0.1,0.5,70.13148674780557,35.0,2.0,1.0
1966,0.0,0.1,0.5,139.74729771554604,63.0,2.0,1.0
1967,0.0,0.1,0.5,101.9369559515518,51.0,2.0,1.0
1968,0.0,0.1,0.5,18.079105411834654,6.0,2.0,1.0
1969,0.0,0.1,0.5,64.43660624849085,30.0,2.0,1.0
1970,0.0,0.1,0.5,23.727654941067154,9.0,2.0,1.0
1971,0.0,0.1,0.5,108.17512238908985,63.0,2.0,1.0
1972,0.0,0.1,0.5,59.28466218698015,28.0,2.0,1.0
1973,0.0,0.1,0.5,382.477565594324,182.0,2.0,1.0
1974,0.0,0.1,0.5,247.08059649439113,119.0,2.0,1.0
1975,0.0,0.1,0.5,26.40990280762979,14.0,2.0,1.0
1976,0.0,0.1,0.5,73.04514043203747,44.0,2.0,1.0
1977,0.0,0.1,0.5,29.471980503446417,20.0,2.0,1.0
1978,0.0,0.1,0.5,617.4036937232892,307.0,2.0,1.0
1979,0.0,0.1,0.5,54.22464676521163,28.0,2.0,1.0
1980,0.0,0.1,0.5,62.75399186126642,40.0,2.0,1.0
1981,0.0,0.1,0.5,47.44717217053846,26.0,2.0,1.0
1982,0.0,0.1,0.5,63.32973138307082,24.0,2.0,1.0
1983,0.0,0.1,0.5,108.5151297752834,56.0,2.0,1.0
1984,0.0,0.1,0.5,61.78629130926602,29.0,2.0,1.0
1985,0.0,0.1,0.5,17.824963003333128,9.0,2.0,1.0
1986,0.0,0.1,0.5,106.2411202483014,54.0,2.0,1.0
1987,0.0,0.1,0.5,68.90684393305979,40.0,2.0,1.0
1988,0.0,0.1,0.5,22.469107896548785,9.0,2.0,1.0
1989,0.0,0.1,0.5,43.21949422887208,25.0,2.0,1.0
1990,0.0,0.1,0.5,23.8167085578387,12.0,2.0,1.0
1991,0.0,0.1,0.5,147.5273360706218,70.0,2.0,1.0
1992,0.0,0.1,0.5,29.640406304186563,21.0,2.0,1.0
1993,0.0,0.1,0.5,239.5484650555712,137.0,2.0,1.0
1994,0.0,0.1,0.5,147.57428289402762,68.0,2.0,1.0
1995,0.0,0.1,0.5,73.81124957675753,37.0,2.0,1.0
1996,0.0,0.1,0.5,156.25708180414173,70.0,2.0,1.0
1997,0.0,0.1,0.5,158.39914461095114,73.0,2.0,1.0
1998,0.0,0.1,0.5,19.58879243174823,14.0,2.0,1.0
1999,0.0,0.1,0.5,553.7674218059359,265.0,2.0,1.0
